Object,Filter,MJD,Flux,Error
Mrk142,W2,58484.349,6.645,0.162
Mrk142,W2,58484.816,6.41,0.16
Mrk142,W2,58485.14,6.64,0.15
Mrk142,W2,58485.935,6.123,0.156
Mrk142,W2,58486.067,6.732,0.153
Mrk142,W2,58487.723,6.034,0.14
Mrk142,W2,58488.194,6.488,0.147
Mrk142,W2,58488.794,6.623,0.152
Mrk142,W2,58490.717,6.2,0.148
Mrk142,W2,58491.044,6.333,0.149
Mrk142,W2,58491.642,6.17,0.147
Mrk142,W2,58492.04,5.962,0.143
Mrk142,W2,58492.634,5.756,0.143
Mrk142,W2,58493.232,5.951,0.148
Mrk142,W2,58493.975,5.673,0.139
Mrk142,W2,58494.294,5.931,0.149
Mrk142,W2,58495.031,5.878,0.14
Mrk142,W2,58496.219,6.536,0.163
Mrk142,W2,58496.818,6.455,0.151
Mrk142,W2,58497.813,6.48,0.155
Mrk142,W2,58498.277,6.241,0.159
Mrk142,W2,58498.876,6.549,0.15
Mrk142,W2,58499.871,6.721,0.15
Mrk142,W2,58500.204,6.763,0.157
Mrk142,W2,58500.676,6.77,0.149
Mrk142,W2,58501.066,6.684,0.153
Mrk142,W2,58501.67,6.638,0.151
Mrk142,W2,58502.062,6.439,0.15
Mrk142,W2,58503.057,6.669,0.157
Mrk142,W2,58503.788,6.209,0.149
Mrk142,W2,58504.253,6.661,0.152
Mrk142,W2,58505.912,6.721,0.152
Mrk142,W2,58506.311,6.526,0.149
Mrk142,W2,58507.375,6.54,0.153
Mrk142,W2,58507.838,6.674,0.155
Mrk142,W2,58508.241,7.169,0.176
Mrk142,W2,58508.845,7.7,0.169
Mrk142,W2,58509.236,7.945,0.171
Mrk142,W2,58509.778,7.726,0.17
Mrk142,W2,58510.836,8.172,0.173
Mrk142,W2,58511.226,7.938,0.172
Mrk142,W2,58511.768,8.374,0.181
Mrk142,W2,58512.426,7.876,0.171
Mrk142,W2,58512.895,7.63,0.167
Mrk142,W2,58513.028,7.586,0.214
Mrk142,W2,58513.751,7.501,0.17
Mrk142,W2,58514.345,7.095,0.162
Mrk142,W2,58516.339,6.694,0.151
Mrk142,W2,58516.88,7.026,0.156
Mrk142,W2,58518.333,7.25,0.16
Mrk142,W2,58518.807,7.161,0.161
Mrk142,W2,58519.395,7.378,0.157
Mrk142,W2,58519.86,7.564,0.17
Mrk142,W2,58520.392,7.885,0.162
Mrk142,W2,58520.858,7.622,0.166
Mrk142,W2,58521.394,7.6,0.162
Mrk142,W2,58521.789,7.456,0.164
Mrk142,W2,58522.389,7.657,0.161
Mrk142,W2,58523.385,7.343,0.154
Mrk142,W2,58523.717,7.793,0.168
Mrk142,W2,58524.382,7.952,0.166
Mrk142,W2,58524.714,8.161,0.175
Mrk142,W2,58525.445,8.105,0.173
Mrk142,W2,58525.644,8.241,0.173
Mrk142,W2,58527.372,9.036,0.18
Mrk142,W2,58527.704,8.799,0.178
Mrk142,W2,58528.181,8.879,0.199
Mrk142,W2,58528.834,8.232,0.182
Mrk142,W2,58529.97,7.741,0.182
Mrk142,W2,58530.758,7.674,0.161
Mrk142,W2,58531.497,7.841,0.152
Mrk142,W2,58531.753,7.858,0.168
Mrk142,W2,58532.753,8.246,0.185
Mrk142,W2,58533.022,7.322,0.157
Mrk142,W2,58534.083,7.59,0.229
Mrk142,W2,58534.346,7.673,0.223
Mrk142,W2,58534.742,7.79,0.165
Mrk142,W2,58535.206,7.75,0.168
Mrk142,W2,58535.741,7.451,0.159
Mrk142,W2,58536.268,7.474,0.165
Mrk142,W2,58536.742,7.364,0.163
Mrk142,W2,58537.197,7.296,0.161
Mrk142,W2,58538.193,7.126,0.174
Mrk142,W2,58538.658,6.734,0.151
Mrk142,W2,58539.188,6.999,0.153
Mrk142,W2,58539.72,6.91,0.154
Mrk142,W2,58540.184,6.608,0.162
Mrk142,W2,58541.645,6.743,0.149
Mrk142,W2,58542.707,6.402,0.145
Mrk142,W2,58543.305,6.794,0.154
Mrk142,W2,58543.97,6.643,0.155
Mrk142,W2,58544.899,6.83,0.156
Mrk142,W2,58545.302,6.784,0.159
Mrk142,W2,58545.628,6.681,0.148
Mrk142,W2,58546.158,6.707,0.158
Mrk142,W2,58546.69,6.363,0.145
Mrk142,W2,58547.155,6.548,0.15
Mrk142,W2,58547.953,6.422,0.152
Mrk142,W2,58548.947,5.991,0.146
Mrk142,W2,58549.148,6.33,0.2
Mrk142,W2,58550.142,6.291,0.157
Mrk142,W2,58550.607,6.277,0.142
Mrk142,W2,58551.138,6.456,0.149
Mrk142,W2,58551.668,6.279,0.147
Mrk142,W2,58552.141,6.567,0.153
Mrk142,W2,58552.598,6.861,0.162
Mrk142,W2,58553.137,6.326,0.146
Mrk142,W2,58554.13,6.715,0.154
Mrk142,W2,58554.594,6.477,0.145
Mrk142,W2,58555.129,6.359,0.15
Mrk142,W2,58555.659,6.489,0.142
Mrk142,W2,58556.459,5.704,0.135
Mrk142,W2,58556.718,6.329,0.152
Mrk142,W2,58558.048,7.043,0.165
Mrk142,W2,58558.919,7.456,0.171
Mrk142,W2,58559.177,7.44,0.168
Mrk142,W2,58560.31,7.467,0.158
Mrk142,W2,58560.842,7.969,0.164
Mrk142,W2,58561.306,7.739,0.167
Mrk142,W2,58563.894,7.698,0.172
Mrk142,W2,58564.75,7.848,0.181
Mrk142,W2,58565.353,7.56,0.159
Mrk142,W2,58566.885,6.882,0.161
Mrk142,W2,58567.814,6.86,0.155
Mrk142,W2,58568.6,6.596,0.162
Mrk142,W2,58569.406,6.506,0.145
Mrk142,W2,58571.195,5.93,0.144
Mrk142,W2,58573.521,6.159,0.151
Mrk142,W2,58574.451,6.061,0.153
Mrk142,W2,58575.454,6.203,0.149
Mrk142,W2,58576.246,6.175,0.148
Mrk142,W2,58577.375,6.151,0.142
Mrk142,W2,58578.505,6.747,0.156
Mrk142,W2,58579.367,6.116,0.152
Mrk142,W2,58580.231,6.468,0.159
Mrk142,W2,58584.546,6.989,0.159
Mrk142,W2,58585.343,7.177,0.16
Mrk142,W2,58586.605,7.111,0.156
Mrk142,W2,58587.534,6.312,0.145
Mrk142,W2,58589.8,6.113,0.155
Mrk142,W2,58590.925,6.197,0.15
Mrk142,W2,58591.118,6.171,0.145
Mrk142,W2,58592.512,5.8,0.144
Mrk142,W2,58593.314,6.089,0.143
Mrk142,W2,58594.037,6.42,0.173
Mrk142,W2,58596.498,7.215,0.155
Mrk142,W2,58597.357,7.238,0.158
Mrk142,W2,58602.479,6.809,0.149
Mrk142,W2,58603.941,6.362,0.347
Mrk142,M2,58484.353,5.104,0.174
Mrk142,M2,58484.819,4.936,0.187
Mrk142,M2,58485.145,5.258,0.178
Mrk142,M2,58485.939,4.972,0.197
Mrk142,M2,58486.071,4.714,0.164
Mrk142,M2,58487.728,4.873,0.148
Mrk142,M2,58488.199,4.927,0.15
Mrk142,M2,58488.799,5.127,0.155
Mrk142,M2,58489.785,4.964,0.144
Mrk142,M2,58490.72,5.098,0.314
Mrk142,M2,58491.049,4.965,0.161
Mrk142,M2,58491.646,4.919,0.154
Mrk142,M2,58492.045,4.672,0.16
Mrk142,M2,58492.639,4.748,0.144
Mrk142,M2,58493.236,4.557,0.16
Mrk142,M2,58493.979,4.581,0.151
Mrk142,M2,58494.298,4.586,0.155
Mrk142,M2,58494.83,4.92,0.157
Mrk142,M2,58495.035,4.838,0.157
Mrk142,M2,58496.222,4.845,0.17
Mrk142,M2,58496.822,5.138,0.168
Mrk142,M2,58498.281,5.019,0.192
Mrk142,M2,58498.88,5.168,0.174
Mrk142,M2,58499.875,5.435,0.159
Mrk142,M2,58500.208,5.327,0.169
Mrk142,M2,58500.681,5.741,0.171
Mrk142,M2,58501.07,5.549,0.166
Mrk142,M2,58501.674,5.532,0.174
Mrk142,M2,58502.067,5.013,0.161
Mrk142,M2,58503.062,4.805,0.153
Mrk142,M2,58503.792,4.717,0.161
Mrk142,M2,58504.258,4.982,0.159
Mrk142,M2,58505.917,5.383,0.155
Mrk142,M2,58506.315,5.399,0.168
Mrk142,M2,58507.38,5.374,0.167
Mrk142,M2,58507.842,5.415,0.168
Mrk142,M2,58508.245,5.698,0.188
Mrk142,M2,58508.849,6.056,0.176
Mrk142,M2,58509.24,6.28,0.187
Mrk142,M2,58509.782,6.064,0.19
Mrk142,M2,58510.84,6.382,0.196
Mrk142,M2,58511.231,6.159,0.18
Mrk142,M2,58511.772,6.017,0.185
Mrk142,M2,58512.43,6.121,0.217
Mrk142,M2,58512.899,6.026,0.178
Mrk142,M2,58514.349,5.685,0.176
Mrk142,M2,58516.343,5.155,0.164
Mrk142,M2,58516.885,5.452,0.171
Mrk142,M2,58518.337,5.456,0.236
Mrk142,M2,58518.811,5.924,0.174
Mrk142,M2,58519.4,5.99,0.172
Mrk142,M2,58519.865,6.217,0.185
Mrk142,M2,58520.397,6.139,0.171
Mrk142,M2,58520.863,5.96,0.187
Mrk142,M2,58521.399,6.109,0.183
Mrk142,M2,58521.794,5.841,0.172
Mrk142,M2,58522.394,6.055,0.168
Mrk142,M2,58523.39,6.046,0.177
Mrk142,M2,58523.722,6.345,0.192
Mrk142,M2,58524.387,6.149,0.174
Mrk142,M2,58524.718,6.488,0.184
Mrk142,M2,58525.449,6.515,0.192
Mrk142,M2,58525.649,6.635,0.184
Mrk142,M2,58527.376,6.849,0.187
Mrk142,M2,58527.708,6.752,0.185
Mrk142,M2,58528.185,6.801,0.235
Mrk142,M2,58528.838,6.318,0.189
Mrk142,M2,58529.973,6.371,0.204
Mrk142,M2,58530.763,5.947,0.169
Mrk142,M2,58531.502,6.4,0.169
Mrk142,M2,58531.758,6.231,0.171
Mrk142,M2,58532.757,6.467,0.177
Mrk142,M2,58533.027,5.934,0.17
Mrk142,M2,58534.085,6.049,0.255
Mrk142,M2,58534.349,6.296,0.24
Mrk142,M2,58534.747,6.198,0.177
Mrk142,M2,58535.21,5.904,0.181
Mrk142,M2,58535.745,5.452,0.332
Mrk142,M2,58536.272,5.56,0.17
Mrk142,M2,58536.746,5.696,0.178
Mrk142,M2,58537.202,5.689,0.168
Mrk142,M2,58538.196,5.56,0.192
Mrk142,M2,58538.662,5.63,0.166
Mrk142,M2,58539.193,5.529,0.167
Mrk142,M2,58539.724,5.627,0.18
Mrk142,M2,58540.188,5.162,0.172
Mrk142,M2,58541.65,5.451,0.17
Mrk142,M2,58542.712,5.313,0.161
Mrk142,M2,58543.309,5.234,0.168
Mrk142,M2,58543.974,5.313,0.169
Mrk142,M2,58544.904,5.042,0.166
Mrk142,M2,58545.306,5.462,0.176
Mrk142,M2,58545.632,5.211,0.156
Mrk142,M2,58546.163,4.965,0.169
Mrk142,M2,58546.694,4.963,0.154
Mrk142,M2,58547.16,5.272,0.162
Mrk142,M2,58547.956,5.268,0.427
Mrk142,M2,58548.952,4.811,0.164
Mrk142,M2,58550.146,4.91,0.164
Mrk142,M2,58550.612,5.282,0.161
Mrk142,M2,58551.143,4.874,0.158
Mrk142,M2,58551.673,5.243,0.166
Mrk142,M2,58552.146,4.978,0.163
Mrk142,M2,58552.603,5.148,0.162
Mrk142,M2,58553.142,5.109,0.162
Mrk142,M2,58554.134,5.316,0.168
Mrk142,M2,58554.599,5.1,0.155
Mrk142,M2,58555.133,4.833,0.151
Mrk142,M2,58555.664,4.956,0.151
Mrk142,M2,58556.464,4.788,0.149
Mrk142,M2,58556.722,4.98,0.161
Mrk142,M2,58558.052,5.481,0.174
Mrk142,M2,58558.923,5.79,0.167
Mrk142,M2,58559.181,5.914,0.186
Mrk142,M2,58560.315,6.065,0.171
Mrk142,M2,58560.847,5.957,0.169
Mrk142,M2,58561.311,5.961,0.172
Mrk142,M2,58563.899,6.182,0.185
Mrk142,M2,58564.754,6.076,0.186
Mrk142,M2,58565.358,6.017,0.169
Mrk142,M2,58566.89,5.594,0.174
Mrk142,M2,58567.819,5.42,0.166
Mrk142,M2,58568.604,5.037,0.175
Mrk142,M2,58569.411,5.167,0.154
Mrk142,M2,58571.199,4.898,0.154
Mrk142,M2,58573.525,4.456,0.151
Mrk142,M2,58574.456,4.669,0.157
Mrk142,M2,58575.458,4.851,0.159
Mrk142,M2,58576.251,4.948,0.165
Mrk142,M2,58577.38,5.015,0.154
Mrk142,M2,58578.509,4.812,0.16
Mrk142,M2,58579.371,4.923,0.168
Mrk142,M2,58580.235,5.184,0.169
Mrk142,M2,58584.551,5.438,0.171
Mrk142,M2,58585.347,5.598,0.167
Mrk142,M2,58586.609,5.353,0.174
Mrk142,M2,58587.539,5.048,0.156
Mrk142,M2,58589.804,4.876,0.168
Mrk142,M2,58590.929,4.977,0.161
Mrk142,M2,58591.122,5.021,0.159
Mrk142,M2,58592.517,4.872,0.157
Mrk142,M2,58593.319,4.931,0.155
Mrk142,M2,58594.041,5.126,0.182
Mrk142,M2,58596.503,5.567,0.163
Mrk142,M2,58597.362,5.726,0.168
Mrk142,M2,58602.484,5.068,0.156
Mrk142,W1,58484.345,4.172,0.139
Mrk142,W1,58484.811,4.153,0.14
Mrk142,W1,58485.135,4.066,0.126
Mrk142,W1,58485.931,4.127,0.139
Mrk142,W1,58486.062,4.198,0.13
Mrk142,W1,58487.717,4.111,0.126
Mrk142,W1,58488.189,4.28,0.129
Mrk142,W1,58488.79,4.404,0.134
Mrk142,W1,58489.776,4.042,0.131
Mrk142,W1,58490.712,4.17,0.132
Mrk142,W1,58491.039,4.166,0.132
Mrk142,W1,58491.637,4.011,0.128
Mrk142,W1,58492.035,3.977,0.127
Mrk142,W1,58492.629,3.821,0.127
Mrk142,W1,58493.228,4.005,0.132
Mrk142,W1,58493.97,3.924,0.126
Mrk142,W1,58494.289,3.767,0.129
Mrk142,W1,58494.821,4.017,0.127
Mrk142,W1,58495.026,4.195,0.129
Mrk142,W1,58496.813,4.042,0.129
Mrk142,W1,58497.808,4.249,0.129
Mrk142,W1,58498.273,4.067,0.139
Mrk142,W1,58498.871,4.507,0.135
Mrk142,W1,58499.865,4.191,0.128
Mrk142,W1,58500.199,4.31,0.135
Mrk142,W1,58500.671,4.679,0.134
Mrk142,W1,58501.061,4.433,0.135
Mrk142,W1,58501.665,4.481,0.134
Mrk142,W1,58502.057,4.357,0.135
Mrk142,W1,58503.053,4.22,0.135
Mrk142,W1,58503.783,4.279,0.135
Mrk142,W1,58504.248,4.205,0.13
Mrk142,W1,58505.177,4.347,0.232
Mrk142,W1,58505.186,4.478,0.137
Mrk142,W1,58505.907,4.351,0.132
Mrk142,W1,58506.306,4.487,0.135
Mrk142,W1,58507.371,4.581,0.139
Mrk142,W1,58507.833,4.604,0.14
Mrk142,W1,58508.237,4.567,0.153
Mrk142,W1,58508.84,4.894,0.145
Mrk142,W1,58509.231,4.784,0.142
Mrk142,W1,58509.773,5.06,0.149
Mrk142,W1,58510.831,4.926,0.144
Mrk142,W1,58511.221,5.179,0.149
Mrk142,W1,58511.763,5.15,0.153
Mrk142,W1,58512.421,4.918,0.145
Mrk142,W1,58512.89,4.897,0.143
Mrk142,W1,58513.024,4.67,0.14
Mrk142,W1,58513.746,4.626,0.135
Mrk142,W1,58514.34,4.766,0.144
Mrk142,W1,58516.333,4.804,0.139
Mrk142,W1,58516.875,4.482,0.135
Mrk142,W1,58518.328,4.824,0.141
Mrk142,W1,58518.802,4.772,0.142
Mrk142,W1,58519.39,4.857,0.137
Mrk142,W1,58519.856,5.154,0.152
Mrk142,W1,58520.387,4.87,0.136
Mrk142,W1,58520.853,5.12,0.147
Mrk142,W1,58521.389,5.233,0.145
Mrk142,W1,58521.784,5.121,0.147
Mrk142,W1,58522.384,4.895,0.138
Mrk142,W1,58523.38,4.912,0.136
Mrk142,W1,58523.712,4.81,0.142
Mrk142,W1,58524.377,4.848,0.138
Mrk142,W1,58524.709,5.026,0.147
Mrk142,W1,58525.44,5.287,0.15
Mrk142,W1,58525.639,5.484,0.151
Mrk142,W1,58527.366,5.37,0.148
Mrk142,W1,58527.698,5.815,0.155
Mrk142,W1,58528.177,5.368,0.166
Mrk142,W1,58528.829,5.518,0.161
Mrk142,W1,58529.966,5.315,0.165
Mrk142,W1,58530.753,4.868,0.138
Mrk142,W1,58531.49,4.938,0.128
Mrk142,W1,58531.748,5.223,0.148
Mrk142,W1,58532.749,5.223,0.158
Mrk142,W1,58533.017,4.828,0.137
Mrk142,W1,58533.878,5.093,0.207
Mrk142,W1,58534.081,4.809,0.2
Mrk142,W1,58534.344,4.991,0.197
Mrk142,W1,58535.201,4.795,0.142
Mrk142,W1,58535.736,4.805,0.137
Mrk142,W1,58536.263,4.745,0.141
Mrk142,W1,58536.737,4.748,0.141
Mrk142,W1,58538.189,4.577,0.152
Mrk142,W1,58538.652,4.534,0.134
Mrk142,W1,58539.183,4.979,0.14
Mrk142,W1,58539.715,4.746,0.137
Mrk142,W1,58540.179,4.635,0.148
Mrk142,W1,58541.64,4.392,0.13
Mrk142,W1,58542.236,4.04,0.137
Mrk142,W1,58542.702,4.491,0.132
Mrk142,W1,58543.3,4.45,0.134
Mrk142,W1,58543.965,4.398,0.137
Mrk142,W1,58544.04,4.534,0.136
Mrk142,W1,58544.894,4.528,0.137
Mrk142,W1,58545.298,4.627,0.143
Mrk142,W1,58546.154,4.625,0.142
Mrk142,W1,58546.684,4.258,0.129
Mrk142,W1,58547.15,4.303,0.131
Mrk142,W1,58547.948,4.302,0.134
Mrk142,W1,58548.942,4.073,0.131
Mrk142,W1,58549.144,4.279,0.133
Mrk142,W1,58550.137,4.117,0.138
Mrk142,W1,58550.601,4.404,0.129
Mrk142,W1,58551.663,4.305,0.132
Mrk142,W1,58552.137,4.271,0.133
Mrk142,W1,58552.594,4.376,0.14
Mrk142,W1,58553.132,4.266,0.13
Mrk142,W1,58553.596,4.094,0.123
Mrk142,W1,58554.125,4.299,0.133
Mrk142,W1,58554.589,4.039,0.122
Mrk142,W1,58555.124,4.465,0.137
Mrk142,W1,58555.653,4.215,0.123
Mrk142,W1,58556.454,4.04,0.124
Mrk142,W1,58556.713,4.059,0.132
Mrk142,W1,58558.044,4.384,0.141
Mrk142,W1,58558.915,4.739,0.147
Mrk142,W1,58559.173,4.694,0.144
Mrk142,W1,58559.775,4.75,0.134
Mrk142,W1,58560.305,4.245,0.126
Mrk142,W1,58560.837,4.906,0.137
Mrk142,W1,58561.301,4.855,0.142
Mrk142,W1,58563.89,5.064,0.151
Mrk142,W1,58564.746,5.026,0.156
Mrk142,W1,58565.348,4.625,0.132
Mrk142,W1,58566.881,4.862,0.147
Mrk142,W1,58567.809,4.44,0.134
Mrk142,W1,58569.4,4.306,0.127
Mrk142,W1,58571.19,4.149,0.135
Mrk142,W1,58573.516,3.918,0.13
Mrk142,W1,58574.447,4.209,0.139
Mrk142,W1,58575.449,4.045,0.13
Mrk142,W1,58576.242,4.057,0.13
Mrk142,W1,58577.369,4.307,0.128
Mrk142,W1,58578.5,4.034,0.129
Mrk142,W1,58580.226,4.204,0.139
Mrk142,W1,58584.541,4.493,0.138
Mrk142,W1,58585.337,4.846,0.142
Mrk142,W1,58587.529,4.444,0.132
Mrk142,W1,58588.591,3.99,0.129
Mrk142,W1,58589.796,3.975,0.136
Mrk142,W1,58590.92,4.34,0.137
Mrk142,W1,58591.112,4.169,0.129
Mrk142,W1,58593.309,4.143,0.128
Mrk142,W1,58594.034,4.148,0.152
Mrk142,W1,58595.294,4.239,0.129
Mrk142,W1,58596.492,4.71,0.134
Mrk142,W1,58597.352,4.914,0.141
Mrk142,W1,58602.473,4.505,0.131
Mrk142,W1,58603.94,4.566,0.308
Mrk142,U,58484.346,3.153,0.104
Mrk142,U,58484.813,2.957,0.101
Mrk142,U,58485.137,2.958,0.092
Mrk142,U,58485.932,2.85,0.099
Mrk142,U,58486.063,2.84,0.091
Mrk142,U,58488.191,2.858,0.09
Mrk142,U,58488.791,2.87,0.092
Mrk142,U,58489.777,2.838,0.094
Mrk142,U,58490.713,3.222,0.1
Mrk142,U,58491.041,2.918,0.094
Mrk142,U,58491.638,2.862,0.092
Mrk142,U,58492.037,2.878,0.092
Mrk142,U,58492.631,2.791,0.093
Mrk142,U,58493.229,2.668,0.092
Mrk142,U,58493.971,2.923,0.094
Mrk142,U,58494.291,2.739,0.094
Mrk142,U,58494.822,2.811,0.09
Mrk142,U,58495.027,2.883,0.091
Mrk142,U,58496.216,2.717,0.097
Mrk142,U,58496.815,3.035,0.095
Mrk142,U,58497.81,3.1,0.095
Mrk142,U,58498.872,3.018,0.094
Mrk142,U,58499.867,2.846,0.09
Mrk142,U,58500.673,3.12,0.093
Mrk142,U,58501.062,2.984,0.095
Mrk142,U,58501.666,3.135,0.095
Mrk142,U,58502.059,3.199,0.099
Mrk142,U,58503.054,3.019,0.097
Mrk142,U,58503.785,2.917,0.096
Mrk142,U,58504.249,3.001,0.094
Mrk142,U,58505.187,3.13,0.097
Mrk142,U,58505.909,3.006,0.094
Mrk142,U,58506.307,3.132,0.096
Mrk142,U,58507.835,3.08,0.098
Mrk142,U,58508.238,2.972,0.105
Mrk142,U,58508.841,3.181,0.099
Mrk142,U,58509.233,3.324,0.101
Mrk142,U,58509.775,3.369,0.103
Mrk142,U,58510.833,3.31,0.1
Mrk142,U,58511.223,3.41,0.104
Mrk142,U,58511.764,3.527,0.108
Mrk142,U,58512.422,3.598,0.107
Mrk142,U,58512.891,3.56,0.105
Mrk142,U,58513.026,3.512,0.105
Mrk142,U,58513.748,3.321,0.098
Mrk142,U,58514.342,3.59,0.108
Mrk142,U,58514.674,3.416,0.108
Mrk142,U,58516.335,3.083,0.095
Mrk142,U,58516.877,3.3,0.099
Mrk142,U,58518.33,3.337,0.1
Mrk142,U,58518.803,3.262,0.1
Mrk142,U,58519.391,3.181,0.094
Mrk142,U,58519.857,3.503,0.107
Mrk142,U,58520.388,3.228,0.095
Mrk142,U,58520.855,3.558,0.105
Mrk142,U,58521.39,3.515,0.102
Mrk142,U,58521.786,3.359,0.102
Mrk142,U,58522.385,3.344,0.097
Mrk142,U,58523.382,3.388,0.097
Mrk142,U,58523.714,3.322,0.101
Mrk142,U,58524.378,3.297,0.097
Mrk142,U,58524.71,3.535,0.106
Mrk142,U,58525.442,3.709,0.108
Mrk142,U,58525.64,3.398,0.101
Mrk142,U,58527.368,3.572,0.103
Mrk142,U,58527.7,3.754,0.106
Mrk142,U,58528.178,3.754,0.119
Mrk142,U,58528.83,3.668,0.112
Mrk142,U,58529.967,3.659,0.117
Mrk142,U,58530.754,3.498,0.1
Mrk142,U,58531.492,3.454,0.092
Mrk142,U,58531.75,3.373,0.101
Mrk142,U,58532.75,3.7,0.114
Mrk142,U,58533.018,3.274,0.097
Mrk142,U,58534.082,3.333,0.142
Mrk142,U,58534.344,3.327,0.137
Mrk142,U,58535.203,3.591,0.107
Mrk142,U,58535.737,3.432,0.1
Mrk142,U,58536.264,3.445,0.103
Mrk142,U,58536.738,3.354,0.102
Mrk142,U,58537.194,3.332,0.101
Mrk142,U,58537.659,3.412,0.101
Mrk142,U,58538.19,3.327,0.111
Mrk142,U,58538.654,3.103,0.094
Mrk142,U,58539.716,3.241,0.097
Mrk142,U,58540.181,3.345,0.108
Mrk142,U,58541.12,3.093,0.097
Mrk142,U,58541.642,3,0.092
Mrk142,U,58542.237,3.102,0.103
Mrk142,U,58542.703,3.262,0.097
Mrk142,U,58543.301,3.053,0.095
Mrk142,U,58543.967,3.122,0.099
Mrk142,U,58544.042,2.943,0.093
Mrk142,U,58544.896,3.11,0.097
Mrk142,U,58545.299,3.085,0.099
Mrk142,U,58546.155,3.022,0.098
Mrk142,U,58547.151,3.12,0.096
Mrk142,U,58547.95,2.994,0.096
Mrk142,U,58548.944,2.867,0.094
Mrk142,U,58549.145,2.982,0.096
Mrk142,U,58549.674,2.925,0.089
Mrk142,U,58550.139,3.034,0.102
Mrk142,U,58550.603,2.896,0.089
Mrk142,U,58551.665,3,0.094
Mrk142,U,58552.138,2.893,0.094
Mrk142,U,58552.595,3.067,0.101
Mrk142,U,58553.133,2.879,0.091
Mrk142,U,58554.126,2.964,0.095
Mrk142,U,58554.59,3,0.091
Mrk142,U,58555.125,2.78,0.091
Mrk142,U,58555.655,3.066,0.09
Mrk142,U,58556.456,2.834,0.088
Mrk142,U,58556.715,2.598,0.089
Mrk142,U,58558.045,3.226,0.104
Mrk142,U,58558.916,3.159,0.103
Mrk142,U,58559.174,3.132,0.1
Mrk142,U,58560.306,2.913,0.089
Mrk142,U,58560.838,3.303,0.096
Mrk142,U,58561.303,3.192,0.099
Mrk142,U,58563.891,3.316,0.104
Mrk142,U,58564.747,3.498,0.112
Mrk142,U,58565.349,3.35,0.097
Mrk142,U,58566.882,3.22,0.102
Mrk142,U,58567.811,3.02,0.095
Mrk142,U,58568.597,3.201,0.105
Mrk142,U,58569.402,3.08,0.092
Mrk142,U,58570.665,3.147,0.1
Mrk142,U,58571.191,2.869,0.093
Mrk142,U,58573.517,2.749,0.093
Mrk142,U,58574.448,3.198,0.104
Mrk142,U,58575.451,3.041,0.097
Mrk142,U,58576.243,3.012,0.096
Mrk142,U,58577.371,2.909,0.09
Mrk142,U,58578.501,2.934,0.095
Mrk142,U,58579.364,2.951,0.098
Mrk142,U,58580.228,2.819,0.097
Mrk142,U,58582.628,3.033,0.094
Mrk142,U,58583.413,2.975,0.091
Mrk142,U,58584.543,3.187,0.099
Mrk142,U,58585.339,3.217,0.098
Mrk142,U,58586.601,3.396,0.1
Mrk142,U,58587.53,2.832,0.089
Mrk142,U,58588.592,2.938,0.095
Mrk142,U,58589.797,2.871,0.099
Mrk142,U,58590.921,3.073,0.098
Mrk142,U,58591.114,3.107,0.096
Mrk142,U,58592.509,2.851,0.094
Mrk142,U,58593.31,2.889,0.091
Mrk142,U,58594.035,3.144,0.114
Mrk142,U,58595.296,3.05,0.094
Mrk142,U,58596.494,3.29,0.096
Mrk142,U,58597.353,3.193,0.098
Mrk142,U,58602.475,3.114,0.093
Mrk142,U,58603.941,3.632,0.238
Mrk142,u,58422.447,3.27,0.15
Mrk142,u,58424.458,3.033,0.113
Mrk142,u,58425.434,3.09,0.126
Mrk142,u,58427.439,3.084,0.13
Mrk142,u,58429.427,3.001,0.109
Mrk142,u,58430.434,2.882,0.108
Mrk142,u,58431.412,2.954,0.117
Mrk142,u,58433.448,2.676,0.101
Mrk142,u,58435.413,2.698,0.118
Mrk142,u,58436.407,2.658,0.119
Mrk142,u,58438.394,2.733,0.112
Mrk142,u,58439.39,2.866,0.12
Mrk142,u,58441.389,2.851,0.136
Mrk142,u,58449.406,3.038,0.129
Mrk142,u,58450.417,3.076,0.12
Mrk142,u,58451.367,2.723,0.12
Mrk142,u,58455.392,2.856,0.181
Mrk142,u,58456.398,3.079,0.129
Mrk142,u,58466.365,2.839,0.111
Mrk142,u,58467.318,2.901,0.03
Mrk142,u,58471.333,2.746,0.139
Mrk142,u,58472.36,2.708,0.136
Mrk142,u,58473.339,2.985,0.153
Mrk142,u,58473.514,2.778,0.03
Mrk142,u,58475.326,2.9,0.168
Mrk142,u,58475.355,2.857,0.083
Mrk142,u,58476.336,2.773,0.143
Mrk142,u,58476.396,2.879,0.068
Mrk142,u,58477.294,2.81,0.145
Mrk142,u,58477.339,2.763,0.048
Mrk142,u,58478.348,2.817,0.066
Mrk142,u,58480.338,2.911,0.032
Mrk142,u,58483.461,2.825,0.075
Mrk142,u,58486.014,2.842,0.047
Mrk142,u,58486.456,2.877,0.072
Mrk142,u,58487.001,2.815,0.047
Mrk142,u,58487.264,2.781,0.032
Mrk142,u,58487.626,2.814,0.071
Mrk142,u,58488.079,2.873,0.044
Mrk142,u,58488.509,2.881,0.027
Mrk142,u,58488.557,2.931,0.076
Mrk142,u,58489.065,2.943,0.043
Mrk142,u,58489.643,2.913,0.074
Mrk142,u,58490.464,2.906,0.072
Mrk142,u,58491.078,2.875,0.044
Mrk142,u,58491.273,2.841,0.031
Mrk142,u,58491.521,2.871,0.071
Mrk142,u,58491.983,2.731,0.054
Mrk142,u,58492.525,2.76,0.07
Mrk142,u,58493.495,2.712,0.071
Mrk142,u,58494.1,2.68,0.051
Mrk142,u,58494.458,2.712,0.071
Mrk142,u,58495.244,2.741,0.032
Mrk142,u,58495.975,2.782,0.048
Mrk142,u,58496.458,2.868,0.071
Mrk142,u,58496.945,2.531,0.13
Mrk142,u,58498.017,2.842,0.046
Mrk142,u,58498.231,2.943,0.041
Mrk142,u,58498.936,2.836,0.075
Mrk142,u,58499.433,2.957,0.073
Mrk142,u,58500.429,2.998,0.03
Mrk142,u,58500.453,3.087,0.072
Mrk142,u,58500.589,2.992,0.073
Mrk142,u,58502.418,3.021,0.036
Mrk142,u,58503.032,2.932,0.05
Mrk142,u,58503.263,3.175,0.147
Mrk142,u,58503.281,2.989,0.064
Mrk142,u,58503.42,2.912,0.078
Mrk142,u,58504.077,3.052,0.054
Mrk142,u,58504.463,3.259,0.079
Mrk142,u,58504.494,3.075,0.119
Mrk142,u,58505.416,2.904,0.106
Mrk142,u,58505.424,3.012,0.108
Mrk142,u,58506.299,3.127,0.098
Mrk142,u,58506.472,3.121,0.074
Mrk142,u,58506.477,3.085,0.044
Mrk142,u,58507.012,3.05,0.046
Mrk142,u,58507.254,3.073,0.095
Mrk142,u,58507.316,3.11,0.037
Mrk142,u,58508.039,3.112,0.056
Mrk142,u,58508.202,3.11,0.031
Mrk142,u,58508.249,3.318,0.098
Mrk142,u,58508.48,3.167,0.072
Mrk142,u,58509.259,3.065,0.118
Mrk142,u,58509.392,3.199,0.053
Mrk142,u,58510.221,3.287,0.101
Mrk142,u,58510.448,3.322,0.037
Mrk142,u,58510.464,3.284,0.083
Mrk142,u,58511.214,3.448,0.059
Mrk142,u,58511.222,3.4,0.091
Mrk142,u,58513.16,3.296,0.05
Mrk142,u,58514.026,3.291,0.05
Mrk142,u,58514.482,3.308,0.087
Mrk142,u,58514.99,3.186,0.046
Mrk142,u,58515.18,3.164,0.03
Mrk142,u,58516.174,3.123,0.044
Mrk142,u,58516.403,3.082,0.026
Mrk142,u,58517.006,3.12,0.044
Mrk142,u,58518.113,3.222,0.053
Mrk142,u,58518.351,3.123,0.072
Mrk142,u,58519.511,3.226,0.071
Mrk142,u,58519.951,3.239,0.048
Mrk142,u,58520.932,3.285,0.062
Mrk142,u,58521.328,3.396,0.107
Mrk142,u,58521.459,3.286,0.034
Mrk142,u,58522.243,3.36,0.093
Mrk142,u,58523.005,3.285,0.05
Mrk142,u,58523.211,3.271,0.033
Mrk142,u,58524.039,3.285,0.05
Mrk142,u,58524.926,3.343,0.054
Mrk142,u,58525.221,3.394,0.137
Mrk142,u,58526.202,3.49,0.106
Mrk142,u,58526.452,3.517,0.047
Mrk142,u,58526.917,3.491,0.063
Mrk142,u,58527.163,3.553,0.052
Mrk142,u,58529.438,3.463,0.048
Mrk142,u,58531.35,3.419,0.051
Mrk142,u,58532.186,3.428,0.121
Mrk142,u,58534.282,3.463,0.123
Mrk142,u,58534.318,3.424,0.064
Mrk142,u,58535.026,3.353,0.058
Mrk142,u,58535.15,3.574,0.134
Mrk142,u,58535.868,3.273,0.06
Mrk142,u,58536.174,3.236,0.038
Mrk142,u,58538.087,3.249,0.049
Mrk142,u,58538.153,3.22,0.086
Mrk142,u,58538.302,3.184,0.031
Mrk142,u,58539.024,3.214,0.046
Mrk142,u,58539.146,3.046,0.127
Mrk142,u,58539.353,3.198,0.044
Mrk142,u,58540.253,3.092,0.026
Mrk142,u,58540.448,3.121,0.073
Mrk142,u,58541.154,2.83,0.093
Mrk142,u,58541.286,3.076,0.032
Mrk142,u,58542.218,2.971,0.072
Mrk142,u,58542.455,3.048,0.071
Mrk142,u,58543.182,2.963,0.075
Mrk142,u,58543.211,3.077,0.025
Mrk142,u,58543.523,3.068,0.079
Mrk142,u,58544.16,2.701,0.095
Mrk142,u,58544.166,3.029,0.028
Mrk142,u,58544.372,3.105,0.072
Mrk142,u,58545.055,3.046,0.042
Mrk142,u,58545.433,3.029,0.072
Mrk142,u,58545.88,2.981,0.043
Mrk142,u,58546.882,2.944,0.044
Mrk142,u,58547.238,2.502,0.111
Mrk142,u,58547.331,2.897,0.074
Mrk142,u,58547.901,2.889,0.044
Mrk142,u,58548.249,2.86,0.056
Mrk142,u,58548.894,2.898,0.052
Mrk142,u,58549.11,2.889,0.027
Mrk142,u,58549.135,2.824,0.075
Mrk142,u,58550.287,2.632,0.073
Mrk142,u,58550.338,2.771,0.041
Mrk142,u,58551.347,2.861,0.07
Mrk142,u,58553.283,2.826,0.072
Mrk142,u,58554.886,2.892,0.044
Mrk142,u,58555.368,2.964,0.072
Mrk142,u,58555.409,2.871,0.028
Mrk142,u,58555.903,2.859,0.044
Mrk142,u,58556.355,2.857,0.072
Mrk142,u,58556.865,2.829,0.051
Mrk142,u,58557.14,2.933,0.078
Mrk142,u,58557.286,2.857,0.073
Mrk142,u,58557.869,2.924,0.047
Mrk142,u,58558.428,2.859,0.075
Mrk142,u,58558.478,3.012,0.073
Mrk142,u,58558.873,3.003,0.045
Mrk142,u,58559.281,3.158,0.075
Mrk142,u,58559.287,3.012,0.108
Mrk142,u,58559.854,3.077,0.085
Mrk142,u,58560.176,3.025,0.099
Mrk142,u,58560.429,3.19,0.079
Mrk142,u,58560.86,3.232,0.053
Mrk142,u,58561.233,3.126,0.078
Mrk142,u,58561.243,3.129,0.119
Mrk142,u,58561.879,3.02,0.073
Mrk142,u,58562.232,3.109,0.079
Mrk142,u,58562.86,3.171,0.061
Mrk142,u,58563.231,3.288,0.076
Mrk142,u,58563.885,3.244,0.055
Mrk142,u,58564.319,3.185,0.086
Mrk142,u,58564.321,3.278,0.075
Mrk142,u,58564.894,3.285,0.05
Mrk142,u,58565.241,3.308,0.072
Mrk142,u,58565.921,3.215,0.047
Mrk142,u,58566.121,3.185,0.079
Mrk142,u,58566.248,3.238,0.199
Mrk142,u,58567.193,3.133,0.115
Mrk142,u,58568.122,3.142,0.097
Mrk142,u,58568.424,3.105,0.072
Mrk142,u,58569.146,3.144,0.093
Mrk142,u,58570.182,2.765,0.093
Mrk142,u,58570.295,2.923,0.072
Mrk142,u,58571.201,2.885,0.073
Mrk142,u,58571.23,2.838,0.072
Mrk142,u,58571.466,2.909,0.072
Mrk142,u,58574.159,2.609,0.088
Mrk142,u,58575.185,2.766,0.074
Mrk142,u,58576.23,2.863,0.079
Mrk142,u,58576.288,2.624,0.071
Mrk142,u,58577.16,2.853,0.075
Mrk142,u,58578.147,2.835,0.085
Mrk142,u,58579.125,2.811,0.073
Mrk142,u,58579.26,2.81,0.072
Mrk142,u,58580.148,2.843,0.072
Mrk142,u,58580.448,2.891,0.072
Mrk142,u,58581.125,2.813,0.074
Mrk142,u,58582.126,2.964,0.071
Mrk142,u,58583.141,3.181,0.085
Mrk142,u,58583.911,3.056,0.042
Mrk142,u,58584.318,3.057,0.086
Mrk142,u,58584.861,3.066,0.043
Mrk142,u,58586.298,3.184,0.1
Mrk142,u,58586.877,3.053,0.043
Mrk142,u,58587.132,2.964,0.078
Mrk142,u,58587.868,2.949,0.046
Mrk142,u,58588.133,2.981,0.086
Mrk142,u,58588.319,2.908,0.081
Mrk142,u,58588.871,2.845,0.049
Mrk142,u,58589.211,3.065,0.095
Mrk142,u,58589.267,2.801,0.074
Mrk142,u,58589.859,2.8,0.071
Mrk142,u,58590.326,2.798,0.074
Mrk142,u,58590.893,2.919,0.054
Mrk142,u,58591.177,2.987,0.085
Mrk142,u,58591.267,3.025,0.075
Mrk142,u,58592.178,3.03,0.095
Mrk142,u,58592.292,2.811,0.085
Mrk142,u,58592.895,2.841,0.047
Mrk142,u,58593.334,2.736,0.074
Mrk142,u,58593.898,2.799,0.048
Mrk142,u,58594.137,2.779,0.077
Mrk142,u,58594.914,2.886,0.046
Mrk142,u,58595.907,3.056,0.043
Mrk142,u,58597.261,3.069,0.099
Mrk142,u,58597.292,3.033,0.072
Mrk142,u,58598.14,2.961,0.071
Mrk142,u,58598.371,2.975,0.072
Mrk142,u,58599.212,2.921,0.071
Mrk142,u,58599.237,2.924,0.072
Mrk142,u,58600.212,3.11,0.077
Mrk142,u,58602.207,2.978,0.073
Mrk142,u,58603.157,2.944,0.067
Mrk142,u,58604.179,2.972,0.073
Mrk142,u,58605.205,2.801,0.074
Mrk142,u,58605.238,2.82,0.072
Mrk142,u,58606.17,2.858,0.186
Mrk142,u,58607.145,2.924,0.07
Mrk142,u,58607.272,2.913,0.072
Mrk142,u,58608.189,2.88,0.076
Mrk142,u,58609.162,2.774,0.077
Mrk142,u,58610.16,2.857,0.091
Mrk142,u,58610.24,2.821,0.072
Mrk142,u,58611.317,2.81,0.072
Mrk142,u,58612.346,2.726,0.072
Mrk142,u,58615.328,2.703,0.072
Mrk142,u,58617.183,2.737,0.084
Mrk142,u,58618.188,2.658,0.091
Mrk142,u,58618.312,2.626,0.074
Mrk142,u,58619.152,2.744,0.092
Mrk142,u,58619.309,2.72,0.075
Mrk142,u,58620.216,2.811,0.096
Mrk142,u,58621.245,3.034,0.126
Mrk142,u,58622.19,2.934,0.122
Mrk142,u,58626.157,3.008,0.075
Mrk142,u,58627.18,3.13,0.078
Mrk142,u,58627.246,3.14,0.073
Mrk142,u,58628.198,3.258,0.092
Mrk142,u,58629.263,3.085,0.072
Mrk142,u,58630.158,3.128,0.075
Mrk142,u,58630.276,3.084,0.072
Mrk142,u,58631.209,3.269,0.084
Mrk142,u,58631.248,3.098,0.073
Mrk142,u,58633.161,3.308,0.082
Mrk142,u,58633.292,3.151,0.072
Mrk142,u,58634.16,3.034,0.074
Mrk142,u,58636.211,3.183,0.105
Mrk142,u,58639.276,3.207,0.072
Mrk142,u,58643.28,3.08,0.073
Mrk142,u,58644.263,3.164,0.073
Mrk142,u,58645.271,3.039,0.078
Mrk142,u,58649.253,2.954,0.076
Mrk142,u,58650.26,3.013,0.076
Mrk142,u,58651.258,2.983,0.077
Mrk142,u,58653.254,3.29,0.074
Mrk142,B,58484.347,2.209,0.082
Mrk142,B,58484.814,2.084,0.081
Mrk142,B,58485.138,2.068,0.073
Mrk142,B,58485.933,2.119,0.081
Mrk142,B,58486.064,2.102,0.075
Mrk142,B,58487.72,2.11,0.073
Mrk142,B,58488.192,2.064,0.073
Mrk142,B,58488.792,2.184,0.077
Mrk142,B,58489.778,2.016,0.076
Mrk142,B,58490.714,2.171,0.078
Mrk142,B,58491.042,2.035,0.075
Mrk142,B,58491.639,2.092,0.076
Mrk142,B,58492.038,2.112,0.075
Mrk142,B,58492.632,2.153,0.078
Mrk142,B,58493.23,2.114,0.078
Mrk142,B,58493.972,2.064,0.075
Mrk142,B,58494.292,2.087,0.079
Mrk142,B,58494.823,1.979,0.072
Mrk142,B,58495.028,2.146,0.075
Mrk142,B,58496.217,2.075,0.081
Mrk142,B,58496.816,2.109,0.076
Mrk142,B,58497.811,2.069,0.073
Mrk142,B,58498.275,2.099,0.082
Mrk142,B,58498.873,2.125,0.075
Mrk142,B,58499.868,2.084,0.073
Mrk142,B,58500.202,2.284,0.08
Mrk142,B,58500.674,2.265,0.075
Mrk142,B,58501.063,2.181,0.077
Mrk142,B,58501.667,2.113,0.074
Mrk142,B,58502.06,2.223,0.078
Mrk142,B,58502.789,2.217,0.077
Mrk142,B,58503.055,2.176,0.079
Mrk142,B,58503.786,2.174,0.079
Mrk142,B,58504.251,2.14,0.075
Mrk142,B,58505.188,1.985,0.135
Mrk142,B,58505.91,2.222,0.077
Mrk142,B,58506.308,2.11,0.075
Mrk142,B,58506.906,2.019,0.073
Mrk142,B,58507.373,2.107,0.076
Mrk142,B,58507.836,2.206,0.078
Mrk142,B,58508.239,2.301,0.088
Mrk142,B,58508.842,2.273,0.08
Mrk142,B,58509.234,2.288,0.079
Mrk142,B,58509.776,2.275,0.08
Mrk142,B,58510.834,2.46,0.082
Mrk142,B,58511.224,2.384,0.081
Mrk142,B,58511.765,2.406,0.084
Mrk142,B,58512.423,2.343,0.081
Mrk142,B,58512.892,2.385,0.081
Mrk142,B,58513.027,2.499,0.083
Mrk142,B,58513.749,2.344,0.078
Mrk142,B,58514.343,2.328,0.081
Mrk142,B,58514.675,2.269,0.083
Mrk142,B,58516.336,2.16,0.075
Mrk142,B,58516.878,2.125,0.075
Mrk142,B,58518.331,2.313,0.079
Mrk142,B,58518.804,2.247,0.079
Mrk142,B,58519.392,2.187,0.074
Mrk142,B,58519.858,2.24,0.081
Mrk142,B,58520.389,2.311,0.076
Mrk142,B,58520.856,2.407,0.081
Mrk142,B,58521.392,2.343,0.078
Mrk142,B,58521.787,2.278,0.079
Mrk142,B,58522.387,2.325,0.076
Mrk142,B,58523.383,2.259,0.074
Mrk142,B,58523.715,2.231,0.078
Mrk142,B,58524.379,2.378,0.078
Mrk142,B,58524.711,2.585,0.085
Mrk142,B,58525.443,2.498,0.083
Mrk142,B,58525.641,2.569,0.083
Mrk142,B,58527.369,2.48,0.08
Mrk142,B,58527.701,2.726,0.085
Mrk142,B,58528.179,2.462,0.091
Mrk142,B,58528.831,2.375,0.085
Mrk142,B,58529.968,2.283,0.086
Mrk142,B,58530.755,2.422,0.078
Mrk142,B,58531.494,2.348,0.071
Mrk142,B,58531.751,2.414,0.081
Mrk142,B,58532.751,2.406,0.086
Mrk142,B,58533.019,2.434,0.079
Mrk142,B,58534.082,2.372,0.115
Mrk142,B,58534.345,2.607,0.116
Mrk142,B,58534.74,2.491,0.081
Mrk142,B,58535.204,2.479,0.083
Mrk142,B,58535.738,2.318,0.076
Mrk142,B,58536.265,2.202,0.077
Mrk142,B,58536.739,2.184,0.077
Mrk142,B,58537.195,2.183,0.076
Mrk142,B,58537.66,2.248,0.076
Mrk142,B,58538.191,2.334,0.088
Mrk142,B,58538.655,2.313,0.077
Mrk142,B,58539.186,2.222,0.075
Mrk142,B,58539.717,2.326,0.078
Mrk142,B,58540.182,2.218,0.083
Mrk142,B,58541.121,2.196,0.077
Mrk142,B,58541.643,2.196,0.074
Mrk142,B,58542.238,2.089,0.08
Mrk142,B,58542.704,2.173,0.074
Mrk142,B,58543.302,2.224,0.077
Mrk142,B,58543.968,2.1,0.077
Mrk142,B,58544.043,2.127,0.075
Mrk142,B,58544.897,2.38,0.081
Mrk142,B,58545.3,2.153,0.078
Mrk142,B,58545.625,2.12,0.073
Mrk142,B,58546.156,2.136,0.078
Mrk142,B,58546.687,2.173,0.074
Mrk142,B,58547.152,2.142,0.075
Mrk142,B,58547.951,2.235,0.079
Mrk142,B,58548.148,2.191,0.077
Mrk142,B,58548.945,2.222,0.079
Mrk142,B,58549.146,2.185,0.078
Mrk142,B,58549.675,2.054,0.071
Mrk142,B,58550.14,2.159,0.081
Mrk142,B,58550.604,2.223,0.074
Mrk142,B,58551.136,2.167,0.076
Mrk142,B,58551.666,2.196,0.076
Mrk142,B,58552.139,2.21,0.078
Mrk142,B,58552.596,2.129,0.079
Mrk142,B,58553.134,2.11,0.074
Mrk142,B,58554.127,2.136,0.076
Mrk142,B,58554.591,2.068,0.071
Mrk142,B,58555.126,2.143,0.076
Mrk142,B,58555.656,2.154,0.071
Mrk142,B,58556.457,2.222,0.074
Mrk142,B,58556.716,2.106,0.077
Mrk142,B,58558.046,2.182,0.081
Mrk142,B,58558.917,2.347,0.084
Mrk142,B,58559.175,2.316,0.081
Mrk142,B,58559.778,2.237,0.074
Mrk142,B,58560.307,2.216,0.074
Mrk142,B,58560.839,2.243,0.074
Mrk142,B,58561.304,2.084,0.075
Mrk142,B,58563.892,2.378,0.083
Mrk142,B,58564.748,2.466,0.088
Mrk142,B,58565.35,2.309,0.075
Mrk142,B,58566.883,2.22,0.08
Mrk142,B,58567.812,2.405,0.08
Mrk142,B,58568.598,2.223,0.083
Mrk142,B,58569.403,2.205,0.074
Mrk142,B,58570.666,2.094,0.078
Mrk142,B,58571.192,2.235,0.078
Mrk142,B,58573.518,1.975,0.075
Mrk142,B,58574.449,1.982,0.077
Mrk142,B,58575.452,2.05,0.075
Mrk142,B,58576.244,2.163,0.077
Mrk142,B,58577.372,2.237,0.075
Mrk142,B,58578.502,1.986,0.074
Mrk142,B,58579.365,2.099,0.079
Mrk142,B,58580.229,2.127,0.08
Mrk142,B,58581.357,2.064,0.073
Mrk142,B,58582.63,2.193,0.076
Mrk142,B,58583.414,2.174,0.074
Mrk142,B,58584.544,2.213,0.078
Mrk142,B,58585.34,2.251,0.078
Mrk142,B,58586.602,2.384,0.078
Mrk142,B,58587.531,2.238,0.076
Mrk142,B,58588.593,1.978,0.121
Mrk142,B,58589.798,2.276,0.084
Mrk142,B,58590.922,2.275,0.081
Mrk142,B,58591.115,2.128,0.075
Mrk142,B,58592.51,2.141,0.078
Mrk142,B,58593.311,1.984,0.072
Mrk142,B,58594.035,1.94,0.085
Mrk142,B,58595.297,2.056,0.074
Mrk142,B,58596.495,2.338,0.076
Mrk142,B,58597.354,2.295,0.079
Mrk142,B,58602.476,2.154,0.073
Mrk142,B,58603.941,2.402,0.186
Mrk142,g,58422.474,1.894,0.049
Mrk142,g,58424.488,1.861,0.02
Mrk142,g,58425.463,1.843,0.02
Mrk142,g,58426.473,1.867,0.02
Mrk142,g,58427.469,1.817,0.02
Mrk142,g,58429.457,1.782,0.018
Mrk142,g,58430.463,1.774,0.018
Mrk142,g,58431.441,1.802,0.019
Mrk142,g,58433.437,1.73,0.019
Mrk142,g,58436.437,1.71,0.019
Mrk142,g,58437.478,1.77,0.019
Mrk142,g,58438.423,1.764,0.018
Mrk142,g,58439.419,1.795,0.02
Mrk142,g,58441.418,1.748,0.019
Mrk142,g,58442.451,1.762,0.021
Mrk142,g,58443.413,1.82,0.025
Mrk142,g,58447.447,1.839,0.031
Mrk142,g,58448.399,1.859,0.062
Mrk142,g,58449.435,1.802,0.022
Mrk142,g,58450.446,1.822,0.022
Mrk142,g,58451.396,1.81,0.021
Mrk142,g,58456.427,1.83,0.019
Mrk142,g,58462.386,1.826,0.022
Mrk142,g,58466.396,1.813,0.019
Mrk142,g,58467.325,1.82,0.01
Mrk142,g,58471.363,1.837,0.024
Mrk142,g,58472.391,1.782,0.023
Mrk142,g,58473.521,1.754,0.011
Mrk142,g,58475.355,1.775,0.03
Mrk142,g,58475.364,1.701,0.026
Mrk142,g,58476.365,1.73,0.028
Mrk142,g,58476.401,1.712,0.022
Mrk142,g,58477.323,1.697,0.031
Mrk142,g,58477.346,1.722,0.021
Mrk142,g,58478.357,1.72,0.02
Mrk142,g,58480.345,1.764,0.012
Mrk142,g,58483.466,1.826,0.011
Mrk142,g,58486.018,1.762,0.013
Mrk142,g,58486.462,1.781,0.012
Mrk142,g,58487.005,1.748,0.014
Mrk142,g,58487.271,1.779,0.008
Mrk142,g,58487.332,1.746,0.02
Mrk142,g,58487.632,1.772,0.012
Mrk142,g,58488.083,1.785,0.013
Mrk142,g,58488.362,1.795,0.018
Mrk142,g,58488.477,1.833,0.024
Mrk142,g,58488.516,1.816,0.008
Mrk142,g,58488.561,1.8,0.012
Mrk142,g,58489.068,1.794,0.012
Mrk142,g,58489.651,1.802,0.012
Mrk142,g,58490.47,1.782,0.012
Mrk142,g,58491.082,1.774,0.012
Mrk142,g,58491.28,1.779,0.009
Mrk142,g,58491.527,1.77,0.012
Mrk142,g,58491.987,1.749,0.012
Mrk142,g,58492.536,1.72,0.012
Mrk142,g,58493.501,1.711,0.012
Mrk142,g,58494.103,1.708,0.012
Mrk142,g,58494.464,1.704,0.012
Mrk142,g,58495.251,1.731,0.009
Mrk142,g,58495.978,1.749,0.013
Mrk142,g,58496.465,1.772,0.012
Mrk142,g,58496.948,1.746,0.017
Mrk142,g,58497.488,1.791,0.012
Mrk142,g,58498.021,1.786,0.013
Mrk142,g,58498.238,1.778,0.014
Mrk142,g,58498.94,1.798,0.016
Mrk142,g,58499.439,1.828,0.012
Mrk142,g,58500.436,1.863,0.009
Mrk142,g,58500.518,1.859,0.011
Mrk142,g,58500.593,1.858,0.011
Mrk142,g,58502.428,1.803,0.009
Mrk142,g,58503.036,1.844,0.016
Mrk142,g,58503.286,1.814,0.029
Mrk142,g,58503.292,1.88,0.016
Mrk142,g,58503.426,1.818,0.013
Mrk142,g,58503.511,1.866,0.026
Mrk142,g,58504.08,1.828,0.018
Mrk142,g,58504.469,1.874,0.014
Mrk142,g,58504.504,1.815,0.029
Mrk142,g,58505.392,1.852,0.014
Mrk142,g,58505.434,1.836,0.011
Mrk142,g,58505.46,1.88,0.026
Mrk142,g,58506.023,1.91,0.063
Mrk142,g,58506.261,1.862,0.024
Mrk142,g,58506.398,1.88,0.021
Mrk142,g,58506.47,1.853,0.012
Mrk142,g,58506.487,1.869,0.01
Mrk142,g,58507.016,1.878,0.014
Mrk142,g,58507.282,1.901,0.018
Mrk142,g,58507.326,1.875,0.009
Mrk142,g,58507.387,1.881,0.012
Mrk142,g,58508.042,1.909,0.016
Mrk142,g,58508.212,1.874,0.008
Mrk142,g,58508.277,1.891,0.017
Mrk142,g,58508.486,1.907,0.012
Mrk142,g,58509.287,1.954,0.018
Mrk142,g,58509.402,1.974,0.009
Mrk142,g,58509.982,1.912,0.033
Mrk142,g,58510.25,1.976,0.015
Mrk142,g,58510.458,1.984,0.008
Mrk142,g,58510.471,1.968,0.015
Mrk142,g,58511.217,2.012,0.012
Mrk142,g,58511.25,2.009,0.016
Mrk142,g,58512.272,2.035,0.019
Mrk142,g,58513.164,1.984,0.012
Mrk142,g,58514.03,1.969,0.012
Mrk142,g,58514.51,1.96,0.015
Mrk142,g,58514.993,1.92,0.012
Mrk142,g,58515.19,1.922,0.007
Mrk142,g,58515.296,1.903,0.013
Mrk142,g,58516.178,1.881,0.012
Mrk142,g,58516.287,1.858,0.013
Mrk142,g,58516.413,1.869,0.007
Mrk142,g,58517.01,1.877,0.012
Mrk142,g,58517.241,1.829,0.099
Mrk142,g,58518.117,1.894,0.015
Mrk142,g,58518.305,1.821,0.024
Mrk142,g,58518.357,1.904,0.012
Mrk142,g,58518.945,1.924,0.015
Mrk142,g,58519.502,1.989,0.049
Mrk142,g,58519.517,1.905,0.012
Mrk142,g,58519.955,1.927,0.012
Mrk142,g,58520.263,1.933,0.021
Mrk142,g,58520.935,1.971,0.013
Mrk142,g,58521.372,2.009,0.016
Mrk142,g,58521.469,1.951,0.007
Mrk142,g,58522.272,1.943,0.014
Mrk142,g,58523.007,1.936,0.015
Mrk142,g,58523.214,1.907,0.021
Mrk142,g,58523.22,1.947,0.007
Mrk142,g,58524.042,1.969,0.015
Mrk142,g,58524.928,1.981,0.016
Mrk142,g,58526.25,2.026,0.015
Mrk142,g,58526.462,2.07,0.009
Mrk142,g,58526.919,2.054,0.016
Mrk142,g,58527.173,2.075,0.01
Mrk142,g,58527.189,2.029,0.023
Mrk142,g,58529.449,2.044,0.01
Mrk142,g,58531.359,2.014,0.011
Mrk142,g,58531.366,2.047,0.023
Mrk142,g,58532.186,2.025,0.021
Mrk142,g,58533.139,2.009,0.038
Mrk142,g,58534.306,2.02,0.019
Mrk142,g,58534.328,2.008,0.014
Mrk142,g,58535.028,2.022,0.021
Mrk142,g,58535.184,1.987,0.021
Mrk142,g,58535.87,1.95,0.019
Mrk142,g,58536.184,1.963,0.009
Mrk142,g,58538.089,1.946,0.02
Mrk142,g,58538.182,1.913,0.015
Mrk142,g,58538.312,1.933,0.008
Mrk142,g,58539.027,1.924,0.015
Mrk142,g,58539.23,1.921,0.014
Mrk142,g,58539.363,1.925,0.01
Mrk142,g,58540.263,1.89,0.007
Mrk142,g,58540.454,1.897,0.012
Mrk142,g,58541.294,1.827,0.024
Mrk142,g,58542.246,1.835,0.014
Mrk142,g,58542.461,1.847,0.011
Mrk142,g,58543.214,1.84,0.014
Mrk142,g,58543.221,1.852,0.007
Mrk142,g,58543.529,1.867,0.013
Mrk142,g,58544.159,1.828,0.014
Mrk142,g,58544.176,1.866,0.014
Mrk142,g,58544.378,1.847,0.011
Mrk142,g,58545.058,1.876,0.015
Mrk142,g,58545.128,1.807,0.025
Mrk142,g,58545.439,1.834,0.011
Mrk142,g,58545.882,1.827,0.015
Mrk142,g,58546.152,1.813,0.015
Mrk142,g,58546.395,1.866,0.014
Mrk142,g,58546.885,1.843,0.016
Mrk142,g,58547.281,1.825,0.014
Mrk142,g,58547.337,1.837,0.011
Mrk142,g,58547.903,1.855,0.015
Mrk142,g,58548.152,1.805,0.018
Mrk142,g,58548.259,1.816,0.024
Mrk142,g,58548.544,1.801,0.042
Mrk142,g,58548.896,1.794,0.024
Mrk142,g,58549.12,1.787,0.007
Mrk142,g,58549.186,1.775,0.015
Mrk142,g,58550.15,1.783,0.031
Mrk142,g,58550.293,1.8,0.012
Mrk142,g,58550.348,1.798,0.019
Mrk142,g,58551.41,1.809,0.015
Mrk142,g,58552.531,1.797,0.012
Mrk142,g,58553.145,1.739,0.019
Mrk142,g,58554.406,1.815,0.015
Mrk142,g,58554.888,1.774,0.015
Mrk142,g,58555.374,1.772,0.012
Mrk142,g,58555.419,1.764,0.007
Mrk142,g,58555.905,1.787,0.015
Mrk142,g,58556.361,1.756,0.012
Mrk142,g,58556.446,1.86,0.019
Mrk142,g,58556.867,1.757,0.022
Mrk142,g,58557.14,1.75,0.015
Mrk142,g,58557.292,1.772,0.012
Mrk142,g,58557.871,1.834,0.018
Mrk142,g,58558.458,1.839,0.011
Mrk142,g,58558.875,1.825,0.023
Mrk142,g,58559.284,1.937,0.021
Mrk142,g,58559.287,1.881,0.013
Mrk142,g,58559.306,1.855,0.021
Mrk142,g,58559.856,1.901,0.041
Mrk142,g,58560.238,1.918,0.022
Mrk142,g,58560.437,1.908,0.013
Mrk142,g,58560.862,1.895,0.022
Mrk142,g,58561.084,1.914,0.016
Mrk142,g,58561.239,1.939,0.014
Mrk142,g,58561.331,1.942,0.02
Mrk142,g,58561.881,1.924,0.031
Mrk142,g,58562.146,1.912,0.014
Mrk142,g,58562.238,1.933,0.014
Mrk142,g,58562.442,1.888,0.038
Mrk142,g,58562.863,1.958,0.022
Mrk142,g,58563.238,1.959,0.014
Mrk142,g,58563.381,1.932,0.032
Mrk142,g,58563.886,1.965,0.019
Mrk142,g,58564.269,1.957,0.026
Mrk142,g,58564.327,1.965,0.013
Mrk142,g,58564.896,1.954,0.015
Mrk142,g,58565.131,1.949,0.014
Mrk142,g,58565.247,1.961,0.012
Mrk142,g,58565.923,1.949,0.015
Mrk142,g,58566.086,1.918,0.009
Mrk142,g,58566.136,1.917,0.015
Mrk142,g,58566.256,1.907,0.024
Mrk142,g,58567.13,1.875,0.017
Mrk142,g,58568.135,1.867,0.007
Mrk142,g,58568.137,1.86,0.015
Mrk142,g,58568.43,1.871,0.012
Mrk142,g,58569.117,1.831,0.021
Mrk142,g,58570.162,1.842,0.034
Mrk142,g,58570.301,1.802,0.012
Mrk142,g,58571.172,1.749,0.015
Mrk142,g,58571.237,1.77,0.012
Mrk142,g,58571.473,1.788,0.012
Mrk142,g,58572.133,1.731,0.016
Mrk142,g,58574.131,1.712,0.016
Mrk142,g,58574.349,1.695,0.009
Mrk142,g,58575.157,1.693,0.016
Mrk142,g,58576.192,1.727,0.016
Mrk142,g,58576.294,1.739,0.012
Mrk142,g,58576.349,1.742,0.008
Mrk142,g,58577.132,1.723,0.018
Mrk142,g,58578.119,1.739,0.015
Mrk142,g,58578.309,1.744,0.012
Mrk142,g,58579.14,1.745,0.015
Mrk142,g,58579.267,1.756,0.012
Mrk142,g,58580.12,1.75,0.015
Mrk142,g,58580.454,1.797,0.012
Mrk142,g,58581.14,1.791,0.014
Mrk142,g,58582.141,1.821,0.014
Mrk142,g,58582.225,1.832,0.007
Mrk142,g,58583.252,1.84,0.007
Mrk142,g,58583.913,1.827,0.015
Mrk142,g,58584.257,1.866,0.014
Mrk142,g,58584.863,1.877,0.016
Mrk142,g,58586.326,1.904,0.017
Mrk142,g,58586.879,1.885,0.016
Mrk142,g,58587.16,1.872,0.017
Mrk142,g,58587.87,1.844,0.022
Mrk142,g,58588.159,1.809,0.017
Mrk142,g,58588.233,1.829,0.031
Mrk142,g,58588.327,1.772,0.013
Mrk142,g,58588.873,1.784,0.02
Mrk142,g,58589.273,1.78,0.013
Mrk142,g,58589.294,1.814,0.02
Mrk142,g,58589.861,1.709,0.066
Mrk142,g,58590.148,1.771,0.01
Mrk142,g,58590.332,1.763,0.013
Mrk142,g,58590.895,1.79,0.019
Mrk142,g,58591.143,1.766,0.021
Mrk142,g,58591.273,1.795,0.013
Mrk142,g,58592.144,1.765,0.021
Mrk142,g,58592.297,1.74,0.014
Mrk142,g,58592.897,1.74,0.019
Mrk142,g,58593.151,1.742,0.02
Mrk142,g,58593.221,1.749,0.012
Mrk142,g,58593.34,1.738,0.013
Mrk142,g,58593.901,1.757,0.017
Mrk142,g,58594.151,1.767,0.016
Mrk142,g,58594.915,1.781,0.015
Mrk142,g,58595.177,1.82,0.015
Mrk142,g,58595.405,1.824,0.012
Mrk142,g,58595.909,1.835,0.015
Mrk142,g,58596.281,1.85,0.009
Mrk142,g,58596.299,1.861,0.023
Mrk142,g,58597.111,1.861,0.008
Mrk142,g,58597.215,1.883,0.013
Mrk142,g,58597.298,1.861,0.011
Mrk142,g,58598.163,1.843,0.007
Mrk142,g,58598.169,1.864,0.014
Mrk142,g,58598.377,1.859,0.011
Mrk142,g,58599.183,1.879,0.014
Mrk142,g,58599.244,1.85,0.012
Mrk142,g,58600.184,1.857,0.014
Mrk142,g,58602.139,1.86,0.014
Mrk142,g,58603.172,1.847,0.014
Mrk142,g,58604.194,1.825,0.014
Mrk142,g,58604.242,1.811,0.007
Mrk142,g,58605.129,1.789,0.007
Mrk142,g,58605.174,1.801,0.016
Mrk142,g,58605.245,1.779,0.012
Mrk142,g,58606.152,1.81,0.015
Mrk142,g,58607.25,1.812,0.007
Mrk142,g,58607.278,1.78,0.012
Mrk142,g,58609.25,1.761,0.008
Mrk142,g,58610.246,1.746,0.012
Mrk142,g,58610.249,1.747,0.011
Mrk142,g,58611.149,1.776,0.008
Mrk142,g,58611.22,1.76,0.014
Mrk142,g,58611.323,1.757,0.012
Mrk142,g,58612.163,1.749,0.008
Mrk142,g,58612.352,1.735,0.012
Mrk142,g,58615.185,1.705,0.03
Mrk142,g,58615.334,1.74,0.012
Mrk142,g,58617.154,1.677,0.019
Mrk142,g,58618.16,1.679,0.021
Mrk142,g,58618.318,1.674,0.014
Mrk142,g,58619.167,1.717,0.024
Mrk142,g,58619.315,1.705,0.013
Mrk142,g,58620.186,1.731,0.021
Mrk142,g,58621.217,1.777,0.025
Mrk142,g,58621.222,1.722,0.019
Mrk142,g,58622.162,1.753,0.024
Mrk142,g,58622.215,1.798,0.015
Mrk142,g,58623.197,1.83,0.013
Mrk142,g,58625.18,1.837,0.007
Mrk142,g,58625.215,1.83,0.015
Mrk142,g,58626.171,1.875,0.014
Mrk142,g,58627.118,1.909,0.01
Mrk142,g,58627.151,1.901,0.014
Mrk142,g,58627.252,1.9,0.012
Mrk142,g,58628.17,1.931,0.015
Mrk142,g,58629.27,1.905,0.012
Mrk142,g,58630.173,1.888,0.014
Mrk142,g,58630.282,1.875,0.012
Mrk142,g,58631.189,1.887,0.007
Mrk142,g,58631.254,1.913,0.012
Mrk142,g,58632.154,1.944,0.022
Mrk142,g,58633.121,1.89,0.009
Mrk142,g,58633.175,1.918,0.015
Mrk142,g,58633.298,1.91,0.012
Mrk142,g,58639.282,1.921,0.012
Mrk142,g,58641.172,1.934,0.008
Mrk142,g,58642.159,1.944,0.008
Mrk142,g,58643.147,1.917,0.009
Mrk142,g,58643.286,1.93,0.012
Mrk142,g,58644.27,1.898,0.012
Mrk142,g,58645.279,1.875,0.012
Mrk142,g,58649.144,1.837,0.012
Mrk142,g,58649.259,1.863,0.012
Mrk142,g,58650.128,1.861,0.014
Mrk142,g,58650.266,1.86,0.013
Mrk142,g,58651.128,1.851,0.015
Mrk142,g,58651.265,1.844,0.013
Mrk142,g,58652.128,1.833,0.012
Mrk142,g,58653.137,1.82,0.01
Mrk142,g,58653.26,1.847,0.012
Mrk142,SV,58484.351,1.762,0.102
Mrk142,SV,58484.818,1.747,0.106
Mrk142,SV,58485.143,1.753,0.09
Mrk142,SV,58485.937,1.819,0.101
Mrk142,SV,58486.069,1.64,0.088
Mrk142,SV,58487.725,1.843,0.091
Mrk142,SV,58488.197,1.602,0.086
Mrk142,SV,58488.797,1.82,0.093
Mrk142,SV,58489.783,1.737,0.094
Mrk142,SV,58490.719,1.831,0.095
Mrk142,SV,58491.047,1.847,0.095
Mrk142,SV,58491.644,1.797,0.093
Mrk142,SV,58492.043,1.762,0.092
Mrk142,SV,58492.636,1.729,0.093
Mrk142,SV,58493.234,1.722,0.095
Mrk142,SV,58493.977,1.773,0.093
Mrk142,SV,58494.296,1.674,0.095
Mrk142,SV,58494.828,1.558,0.086
Mrk142,SV,58495.033,1.749,0.09
Mrk142,SV,58496.221,1.852,0.103
Mrk142,SV,58496.82,1.658,0.09
Mrk142,SV,58498.28,1.79,0.101
Mrk142,SV,58498.878,1.831,0.093
Mrk142,SV,58499.873,1.817,0.091
Mrk142,SV,58500.206,1.958,0.099
Mrk142,SV,58500.679,1.761,0.088
Mrk142,SV,58501.068,1.857,0.095
Mrk142,SV,58501.672,1.938,0.095
Mrk142,SV,58502.065,1.755,0.092
Mrk142,SV,58502.794,1.811,0.093
Mrk142,SV,58503.06,1.759,0.094
Mrk142,SV,58503.791,1.817,0.096
Mrk142,SV,58504.256,1.807,0.092
Mrk142,SV,58505.915,1.905,0.095
Mrk142,SV,58506.313,1.978,0.096
Mrk142,SV,58506.911,1.895,0.095
Mrk142,SV,58507.84,1.795,0.095
Mrk142,SV,58508.243,1.735,0.103
Mrk142,SV,58508.847,1.859,0.096
Mrk142,SV,58509.238,2,0.099
Mrk142,SV,58509.78,1.979,0.099
Mrk142,SV,58510.839,2.052,0.099
Mrk142,SV,58511.229,2.045,0.101
Mrk142,SV,58511.77,1.801,0.097
Mrk142,SV,58512.428,1.974,0.098
Mrk142,SV,58512.897,1.939,0.097
Mrk142,SV,58514.347,1.791,0.095
Mrk142,SV,58514.679,1.955,0.102
Mrk142,SV,58516.341,1.849,0.093
Mrk142,SV,58516.883,1.843,0.093
Mrk142,SV,58518.336,1.859,0.094
Mrk142,SV,58518.809,1.86,0.095
Mrk142,SV,58519.398,1.918,0.092
Mrk142,SV,58519.863,1.751,0.095
Mrk142,SV,58520.395,1.934,0.092
Mrk142,SV,58520.861,1.809,0.094
Mrk142,SV,58521.397,1.867,0.092
Mrk142,SV,58521.792,1.821,0.095
Mrk142,SV,58522.392,1.889,0.091
Mrk142,SV,58523.388,1.817,0.088
Mrk142,SV,58523.72,1.812,0.094
Mrk142,SV,58524.385,1.787,0.09
Mrk142,SV,58524.716,2.076,0.101
Mrk142,SV,58525.448,1.954,0.097
Mrk142,SV,58525.646,1.844,0.093
Mrk142,SV,58527.374,1.994,0.096
Mrk142,SV,58527.706,2.008,0.096
Mrk142,SV,58528.183,1.96,0.108
Mrk142,SV,58528.836,1.97,0.103
Mrk142,SV,58529.972,1.926,0.107
Mrk142,SV,58530.761,1.917,0.092
Mrk142,SV,58531.5,1.971,0.086
Mrk142,SV,58531.756,1.996,0.098
Mrk142,SV,58532.755,1.939,0.104
Mrk142,SV,58533.025,1.894,0.093
Mrk142,SV,58534.085,2.075,0.143
Mrk142,SV,58534.347,1.748,0.128
Mrk142,SV,58534.745,1.952,0.095
Mrk142,SV,58535.209,1.913,0.097
Mrk142,SV,58535.744,1.722,0.088
Mrk142,SV,58536.27,1.973,0.098
Mrk142,SV,58536.744,1.895,0.096
Mrk142,SV,58537.2,1.954,0.097
Mrk142,SV,58537.665,2.002,0.096
Mrk142,SV,58538.195,1.892,0.106
Mrk142,SV,58538.66,1.832,0.091
Mrk142,SV,58539.191,1.953,0.094
Mrk142,SV,58539.723,1.9,0.093
Mrk142,SV,58540.186,2.001,0.105
Mrk142,SV,58541.126,1.834,0.094
Mrk142,SV,58541.648,1.849,0.091
Mrk142,SV,58542.243,1.756,0.099
Mrk142,SV,58542.71,1.689,0.088
Mrk142,SV,58543.307,1.946,0.096
Mrk142,SV,58543.972,1.938,0.099
Mrk142,SV,58544.048,1.878,0.094
Mrk142,SV,58544.902,1.812,0.093
Mrk142,SV,58545.305,1.918,0.099
Mrk142,SV,58545.63,1.95,0.093
Mrk142,SV,58546.161,1.582,0.091
Mrk142,SV,58546.692,1.84,0.091
Mrk142,SV,58547.158,1.809,0.092
Mrk142,SV,58547.955,1.827,0.095
Mrk142,SV,58548.153,1.817,0.095
Mrk142,SV,58548.95,1.6,0.089
Mrk142,SV,58549.68,1.72,0.087
Mrk142,SV,58550.144,1.747,0.098
Mrk142,SV,58550.61,1.783,0.089
Mrk142,SV,58551.141,1.735,0.09
Mrk142,SV,58551.671,1.736,0.091
Mrk142,SV,58552.144,1.657,0.09
Mrk142,SV,58552.601,1.794,0.097
Mrk142,SV,58553.14,1.729,0.09
Mrk142,SV,58554.132,1.878,0.096
Mrk142,SV,58554.597,1.84,0.09
Mrk142,SV,58555.131,1.85,0.094
Mrk142,SV,58555.662,1.866,0.088
Mrk142,SV,58556.462,1.771,0.089
Mrk142,SV,58556.72,1.829,0.096
Mrk142,SV,58558.05,1.904,0.101
Mrk142,SV,58558.921,1.683,0.095
Mrk142,SV,58559.18,1.783,0.095
Mrk142,SV,58560.313,1.871,0.09
Mrk142,SV,58560.845,1.846,0.09
Mrk142,SV,58561.309,1.809,0.094
Mrk142,SV,58563.897,1.824,0.097
Mrk142,SV,58564.752,1.688,0.098
Mrk142,SV,58565.356,2.094,0.096
Mrk142,SV,58566.888,1.803,0.096
Mrk142,SV,58567.817,1.805,0.092
Mrk142,SV,58568.602,2.034,0.105
Mrk142,SV,58569.409,1.795,0.089
Mrk142,SV,58570.671,1.786,0.096
Mrk142,SV,58571.197,1.928,0.097
Mrk142,SV,58573.523,1.889,0.099
Mrk142,SV,58574.454,1.869,0.1
Mrk142,SV,58575.456,1.757,0.094
Mrk142,SV,58576.249,1.718,0.092
Mrk142,SV,58577.378,1.845,0.091
Mrk142,SV,58578.507,1.748,0.093
Mrk142,SV,58579.369,1.896,0.1
Mrk142,SV,58580.233,1.751,0.097
Mrk142,SV,58581.362,1.758,0.09
Mrk142,SV,58582.635,1.798,0.092
Mrk142,SV,58583.42,1.788,0.089
Mrk142,SV,58584.549,1.913,0.097
Mrk142,SV,58585.345,1.868,0.094
Mrk142,SV,58586.607,1.874,0.093
Mrk142,SV,58587.537,1.752,0.089
Mrk142,SV,58589.803,1.687,0.097
Mrk142,SV,58590.927,1.722,0.093
Mrk142,SV,58591.12,1.725,0.09
Mrk142,SV,58592.515,1.906,0.097
Mrk142,SV,58593.316,1.778,0.091
Mrk142,SV,58594.039,1.712,0.106
Mrk142,SV,58595.302,1.76,0.089
Mrk142,SV,58596.5,1.832,0.089
Mrk142,SV,58597.359,1.782,0.09
Mrk142,SV,58602.482,1.769,0.088
Mrk142,lV,58413.934,0.994,0.004
Mrk142,lV,58425.891,1.015,0.003
Mrk142,lV,58428.878,1.008,0.003
Mrk142,lV,58429.872,0.998,0.003
Mrk142,lV,58432.87,0.989,0.003
Mrk142,lV,58435.909,0.98,0.002
Mrk142,lV,58437.856,0.981,0.003
Mrk142,lV,58440.846,0.966,0.003
Mrk142,lV,58448.929,0.988,0.005
Mrk142,lV,58450.874,0.982,0.004
Mrk142,lV,58453.819,0.991,0.003
Mrk142,lV,58454.784,1,0.004
Mrk142,lV,58456.84,0.998,0.002
Mrk142,lV,58461.847,1.002,0.002
Mrk142,lV,58464.796,1.021,0.002
Mrk142,lV,58467.814,0.983,0.003
Mrk142,lV,58471.888,0.973,0.003
Mrk142,lV,58473.797,0.973,0.006
Mrk142,lV,58479.866,0.97,0.004
Mrk142,lV,58482.868,0.984,0.002
Mrk142,lV,58484.866,0.983,0.002
Mrk142,lV,58487.767,0.977,0.002
Mrk142,lV,58489.926,0.986,0.002
Mrk142,lV,58493.853,0.96,0.002
Mrk142,lV,58495.904,0.972,0.002
Mrk142,lV,58497.787,0.981,0.002
Mrk142,lV,58500.876,1.007,0.002
Mrk142,lV,58506.816,1.026,0.007
Mrk142,lV,58509.83,1.052,0.004
Mrk142,lV,58511.686,1.06,0.002
Mrk142,lV,58513.895,1.047,0.002
Mrk142,lV,58517.885,1.024,0.002
Mrk142,lV,58521.842,1.042,0.002
Mrk142,lV,58524.838,1.048,0.002
Mrk142,lV,58526.845,1.074,0.002
Mrk142,lV,58543.644,1.015,0.002
Mrk142,lV,58548.621,0.989,0.002
Mrk142,lV,58553.628,0.989,0.002
Mrk142,lV,58557.58,0.989,0.008
Mrk142,lV,58567.704,1.023,0.003
Mrk142,lV,58569.665,0.99,0.003
Mrk142,lV,58570.653,0.99,0.002
Mrk142,lV,58572.622,0.976,0.003
Mrk142,lV,58577.563,0.978,0.002
Mrk142,lV,58581.616,0.995,0.003
Mrk142,lV,58586.625,1.026,0.006
Mrk142,lV,58591.58,0.983,0.009
Mrk142,lV,58593.595,0.988,0.006
Mrk142,lV,58595.584,1.003,0.005
Mrk142,lV,58597.629,1.018,0.003
Mrk142,lV,58600.658,0.998,0.004
Mrk142,lV,58605.658,0.978,0.003
Mrk142,lV,58606.681,0.989,0.002
Mrk142,lV,58610.632,0.973,0.003
Mrk142,lV,58614.628,0.976,0.008
Mrk142,lV,58624.603,0.996,0.003
Mrk142,lV,58625.641,1.014,0.003
Mrk142,lV,58628.632,1.022,0.003
Mrk142,lV,58631.664,1.024,0.003
Mrk142,lV,58639.6,1.031,0.003
Mrk142,lV,58643.599,1.016,0.004
Mrk142,lV,58655.583,0.994,0.003
Mrk142,r,58496.947,1.392,0.018
Mrk142,r,58497.49,1.45,0.005
Mrk142,r,58498.02,1.439,0.015
Mrk142,r,58498.242,1.458,0.01
Mrk142,r,58498.939,1.453,0.016
Mrk142,r,58499.441,1.457,0.006
Mrk142,r,58500.44,1.475,0.007
Mrk142,r,58500.461,1.482,0.006
Mrk142,r,58500.587,1.478,0.005
Mrk142,r,58502.436,1.461,0.006
Mrk142,r,58503.035,1.493,0.016
Mrk142,r,58503.294,1.442,0.011
Mrk142,r,58503.299,1.459,0.011
Mrk142,r,58503.428,1.473,0.006
Mrk142,r,58503.519,1.47,0.014
Mrk142,r,58504.08,1.486,0.018
Mrk142,r,58504.43,1.432,0.04
Mrk142,r,58504.471,1.487,0.006
Mrk142,r,58504.512,1.514,0.037
Mrk142,r,58505.394,1.475,0.006
Mrk142,r,58505.442,1.462,0.007
Mrk142,r,58505.476,1.524,0.01
Mrk142,r,58506.022,1.491,0.028
Mrk142,r,58506.27,1.47,0.01
Mrk142,r,58506.406,1.477,0.009
Mrk142,r,58506.472,1.493,0.005
Mrk142,r,58506.495,1.497,0.007
Mrk142,r,58507.015,1.514,0.016
Mrk142,r,58507.29,1.485,0.008
Mrk142,r,58507.334,1.496,0.006
Mrk142,r,58507.389,1.494,0.006
Mrk142,r,58508.042,1.497,0.017
Mrk142,r,58508.22,1.49,0.006
Mrk142,r,58508.285,1.47,0.008
Mrk142,r,58508.488,1.513,0.006
Mrk142,r,58509.295,1.541,0.011
Mrk142,r,58509.41,1.537,0.007
Mrk142,r,58510.257,1.536,0.007
Mrk142,r,58510.466,1.541,0.006
Mrk142,r,58510.473,1.536,0.006
Mrk142,r,58511.217,1.557,0.015
Mrk142,r,58511.258,1.536,0.007
Mrk142,r,58512.28,1.57,0.009
Mrk142,r,58513.163,1.544,0.015
Mrk142,r,58514.029,1.53,0.015
Mrk142,r,58514.518,1.558,0.007
Mrk142,r,58514.993,1.526,0.015
Mrk142,r,58515.198,1.531,0.006
Mrk142,r,58515.3,1.522,0.006
Mrk142,r,58516.177,1.505,0.015
Mrk142,r,58516.295,1.494,0.006
Mrk142,r,58516.421,1.506,0.006
Mrk142,r,58517.009,1.5,0.015
Mrk142,r,58518.116,1.512,0.016
Mrk142,r,58518.312,1.499,0.007
Mrk142,r,58518.359,1.503,0.005
Mrk142,r,58518.944,1.507,0.016
Mrk142,r,58519.519,1.513,0.006
Mrk142,r,58519.954,1.512,0.015
Mrk142,r,58520.273,1.527,0.013
Mrk142,r,58521.476,1.519,0.006
Mrk142,r,58522.28,1.535,0.006
Mrk142,r,58523.008,1.534,0.015
Mrk142,r,58523.221,1.541,0.031
Mrk142,r,58523.228,1.532,0.006
Mrk142,r,58524.042,1.511,0.015
Mrk142,r,58524.929,1.542,0.016
Mrk142,r,58526.258,1.57,0.006
Mrk142,r,58526.469,1.581,0.007
Mrk142,r,58526.92,1.559,0.016
Mrk142,r,58527.18,1.583,0.007
Mrk142,r,58527.209,1.596,0.014
Mrk142,r,58527.904,1.598,0.02
Mrk142,r,58529.455,1.585,0.007
Mrk142,r,58531.367,1.568,0.007
Mrk142,r,58531.37,1.587,0.01
Mrk142,r,58532.156,1.598,0.024
Mrk142,r,58532.193,1.534,0.009
Mrk142,r,58533.147,1.546,0.017
Mrk142,r,58534.333,1.553,0.009
Mrk142,r,58534.335,1.574,0.01
Mrk142,r,58535.029,1.561,0.017
Mrk142,r,58535.193,1.525,0.01
Mrk142,r,58535.871,1.57,0.017
Mrk142,r,58536.191,1.547,0.007
Mrk142,r,58538.09,1.569,0.019
Mrk142,r,58538.189,1.509,0.007
Mrk142,r,58538.319,1.541,0.006
Mrk142,r,58539.027,1.545,0.015
Mrk142,r,58539.238,1.531,0.006
Mrk142,r,58539.37,1.54,0.007
Mrk142,r,58540.27,1.524,0.006
Mrk142,r,58540.456,1.518,0.006
Mrk142,r,58542.254,1.469,0.007
Mrk142,r,58542.463,1.497,0.005
Mrk142,r,58543.223,1.466,0.006
Mrk142,r,58543.228,1.505,0.006
Mrk142,r,58543.531,1.506,0.007
Mrk142,r,58544.167,1.468,0.007
Mrk142,r,58544.183,1.493,0.008
Mrk142,r,58544.38,1.491,0.005
Mrk142,r,58545.058,1.502,0.015
Mrk142,r,58545.136,1.467,0.015
Mrk142,r,58545.441,1.483,0.005
Mrk142,r,58545.883,1.477,0.015
Mrk142,r,58546.177,1.467,0.007
Mrk142,r,58546.402,1.4,0.007
Mrk142,r,58546.886,1.472,0.015
Mrk142,r,58547.282,1.452,0.008
Mrk142,r,58547.339,1.487,0.005
Mrk142,r,58547.904,1.468,0.015
Mrk142,r,58548.164,1.456,0.009
Mrk142,r,58548.546,1.474,0.026
Mrk142,r,58548.897,1.47,0.016
Mrk142,r,58549.127,1.471,0.006
Mrk142,r,58549.194,1.426,0.007
Mrk142,r,58550.295,1.459,0.005
Mrk142,r,58550.357,1.425,0.055
Mrk142,r,58551.417,1.477,0.007
Mrk142,r,58552.533,1.449,0.005
Mrk142,r,58553.151,1.433,0.012
Mrk142,r,58554.417,1.457,0.008
Mrk142,r,58554.889,1.454,0.015
Mrk142,r,58555.376,1.445,0.005
Mrk142,r,58555.425,1.439,0.006
Mrk142,r,58555.906,1.458,0.015
Mrk142,r,58556.363,1.444,0.005
Mrk142,r,58556.454,1.525,0.011
Mrk142,r,58556.868,1.451,0.016
Mrk142,r,58557.148,1.422,0.007
Mrk142,r,58557.294,1.444,0.006
Mrk142,r,58557.872,1.444,0.016
Mrk142,r,58558.434,1.471,0.006
Mrk142,r,58558.486,1.473,0.006
Mrk142,r,58558.876,1.474,0.015
Mrk142,r,58559.279,1.507,0.009
Mrk142,r,58559.289,1.492,0.006
Mrk142,r,58559.856,1.53,0.027
Mrk142,r,58560.204,1.482,0.01
Mrk142,r,58560.249,1.463,0.02
Mrk142,r,58560.439,1.505,0.006
Mrk142,r,58560.863,1.512,0.017
Mrk142,r,58561.089,1.511,0.009
Mrk142,r,58561.241,1.52,0.006
Mrk142,r,58561.338,1.51,0.009
Mrk142,r,58561.882,1.496,0.025
Mrk142,r,58562.151,1.512,0.009
Mrk142,r,58562.24,1.519,0.006
Mrk142,r,58562.45,1.525,0.016
Mrk142,r,58562.864,1.517,0.017
Mrk142,r,58563.239,1.518,0.006
Mrk142,r,58563.388,1.516,0.014
Mrk142,r,58563.887,1.535,0.016
Mrk142,r,58564.277,1.582,0.01
Mrk142,r,58564.329,1.547,0.006
Mrk142,r,58564.897,1.533,0.015
Mrk142,r,58565.139,1.537,0.006
Mrk142,r,58565.249,1.54,0.006
Mrk142,r,58565.924,1.524,0.015
Mrk142,r,58566.091,1.525,0.006
Mrk142,r,58566.143,1.539,0.008
Mrk142,r,58566.258,1.507,0.012
Mrk142,r,58567.138,1.49,0.011
Mrk142,r,58568.14,1.506,0.006
Mrk142,r,58568.144,1.497,0.008
Mrk142,r,58568.432,1.503,0.006
Mrk142,r,58569.125,1.489,0.011
Mrk142,r,58570.17,1.498,0.014
Mrk142,r,58570.303,1.467,0.005
Mrk142,r,58571.18,1.456,0.007
Mrk142,r,58571.238,1.46,0.005
Mrk142,r,58571.474,1.458,0.005
Mrk142,r,58572.14,1.435,0.008
Mrk142,r,58574.139,1.425,0.008
Mrk142,r,58574.354,1.402,0.007
Mrk142,r,58575.164,1.432,0.009
Mrk142,r,58576.199,1.435,0.007
Mrk142,r,58576.296,1.432,0.006
Mrk142,r,58576.354,1.443,0.006
Mrk142,r,58577.14,1.427,0.008
Mrk142,r,58578.126,1.431,0.007
Mrk142,r,58579.148,1.445,0.007
Mrk142,r,58579.268,1.44,0.005
Mrk142,r,58580.128,1.445,0.007
Mrk142,r,58580.456,1.452,0.005
Mrk142,r,58581.148,1.459,0.007
Mrk142,r,58582.148,1.464,0.007
Mrk142,r,58582.23,1.478,0.006
Mrk142,r,58583.257,1.484,0.006
Mrk142,r,58583.914,1.48,0.015
Mrk142,r,58584.298,1.519,0.007
Mrk142,r,58584.864,1.494,0.015
Mrk142,r,58586.333,1.499,0.009
Mrk142,r,58586.88,1.504,0.015
Mrk142,r,58587.168,1.511,0.008
Mrk142,r,58587.871,1.476,0.017
Mrk142,r,58588.164,1.473,0.009
Mrk142,r,58588.329,1.461,0.006
Mrk142,r,58588.874,1.442,0.017
Mrk142,r,58589.275,1.456,0.006
Mrk142,r,58589.327,1.496,0.01
Mrk142,r,58589.862,1.449,0.033
Mrk142,r,58590.103,1.461,0.008
Mrk142,r,58590.203,1.467,0.009
Mrk142,r,58590.334,1.46,0.006
Mrk142,r,58590.896,1.448,0.016
Mrk142,r,58591.151,1.466,0.009
Mrk142,r,58591.275,1.456,0.006
Mrk142,r,58592.152,1.466,0.011
Mrk142,r,58592.298,1.419,0.007
Mrk142,r,58592.898,1.428,0.016
Mrk142,r,58593.16,1.441,0.009
Mrk142,r,58593.226,1.435,0.008
Mrk142,r,58593.342,1.445,0.006
Mrk142,r,58593.901,1.435,0.016
Mrk142,r,58594.161,1.454,0.008
Mrk142,r,58594.916,1.475,0.015
Mrk142,r,58595.185,1.467,0.008
Mrk142,r,58595.407,1.466,0.006
Mrk142,r,58595.91,1.479,0.015
Mrk142,r,58596.286,1.51,0.007
Mrk142,r,58596.303,1.462,0.016
Mrk142,r,58597.116,1.484,0.006
Mrk142,r,58597.24,1.473,0.007
Mrk142,r,58597.3,1.5,0.005
Mrk142,r,58598.168,1.489,0.006
Mrk142,r,58598.177,1.526,0.007
Mrk142,r,58598.379,1.495,0.005
Mrk142,r,58599.191,1.519,0.007
Mrk142,r,58599.246,1.496,0.006
Mrk142,r,58600.191,1.508,0.007
Mrk142,r,58602.147,1.511,0.007
Mrk142,r,58603.18,1.526,0.007
Mrk142,r,58604.202,1.519,0.007
Mrk142,r,58604.247,1.483,0.006
Mrk142,r,58605.134,1.473,0.006
Mrk142,r,58605.182,1.498,0.007
Mrk142,r,58605.246,1.473,0.005
Mrk142,r,58606.158,1.497,0.008
Mrk142,r,58607.159,1.489,0.007
Mrk142,r,58607.255,1.479,0.006
Mrk142,r,58607.28,1.467,0.005
Mrk142,r,58608.214,1.473,0.007
Mrk142,r,58609.141,1.487,0.007
Mrk142,r,58609.255,1.471,0.006
Mrk142,r,58610.175,1.481,0.01
Mrk142,r,58610.248,1.451,0.005
Mrk142,r,58611.154,1.459,0.006
Mrk142,r,58611.227,1.471,0.006
Mrk142,r,58611.325,1.449,0.005
Mrk142,r,58612.168,1.442,0.006
Mrk142,r,58612.354,1.437,0.006
Mrk142,r,58615.172,1.414,0.009
Mrk142,r,58615.336,1.429,0.006
Mrk142,r,58617.162,1.425,0.008
Mrk142,r,58618.168,1.44,0.011
Mrk142,r,58618.32,1.407,0.006
Mrk142,r,58619.175,1.4,0.014
Mrk142,r,58619.317,1.414,0.006
Mrk142,r,58620.194,1.427,0.009
Mrk142,r,58621.224,1.438,0.016
Mrk142,r,58621.227,1.436,0.011
Mrk142,r,58622.17,1.419,0.011
Mrk142,r,58622.22,1.463,0.009
Mrk142,r,58623.202,1.484,0.008
Mrk142,r,58625.185,1.479,0.006
Mrk142,r,58625.222,1.478,0.008
Mrk142,r,58626.179,1.475,0.007
Mrk142,r,58627.124,1.508,0.006
Mrk142,r,58627.159,1.508,0.007
Mrk142,r,58627.254,1.514,0.006
Mrk142,r,58628.177,1.528,0.008
Mrk142,r,58629.271,1.521,0.006
Mrk142,r,58630.181,1.511,0.007
Mrk142,r,58630.284,1.506,0.005
Mrk142,r,58631.194,1.505,0.006
Mrk142,r,58631.256,1.518,0.006
Mrk142,r,58632.162,1.533,0.011
Mrk142,r,58633.127,1.477,0.007
Mrk142,r,58633.183,1.531,0.007
Mrk142,r,58633.3,1.52,0.006
Mrk142,r,58639.284,1.517,0.006
Mrk142,r,58641.177,1.529,0.006
Mrk142,r,58642.164,1.538,0.006
Mrk142,r,58643.152,1.533,0.007
Mrk142,r,58643.288,1.524,0.006
Mrk142,r,58644.271,1.521,0.006
Mrk142,r,58645.282,1.503,0.006
Mrk142,r,58649.149,1.486,0.008
Mrk142,r,58649.261,1.488,0.006
Mrk142,r,58650.133,1.491,0.008
Mrk142,r,58650.268,1.498,0.006
Mrk142,r,58651.133,1.491,0.008
Mrk142,r,58651.267,1.495,0.006
Mrk142,r,58652.133,1.491,0.007
Mrk142,r,58653.142,1.469,0.008
Mrk142,r,58653.261,1.499,0.007
Mrk142,i,58424.503,1.246,0.017
Mrk142,i,58425.48,1.248,0.02
Mrk142,i,58426.489,1.224,0.015
Mrk142,i,58427.485,1.228,0.018
Mrk142,i,58429.474,1.234,0.014
Mrk142,i,58430.48,1.225,0.014
Mrk142,i,58431.457,1.23,0.015
Mrk142,i,58436.455,1.196,0.016
Mrk142,i,58437.495,1.215,0.016
Mrk142,i,58438.439,1.194,0.014
Mrk142,i,58439.437,1.161,0.017
Mrk142,i,58441.435,1.201,0.014
Mrk142,i,58442.467,1.188,0.019
Mrk142,i,58443.429,1.212,0.015
Mrk142,i,58447.462,1.207,0.108
Mrk142,i,58449.451,1.24,0.015
Mrk142,i,58450.463,1.211,0.016
Mrk142,i,58451.413,1.22,0.015
Mrk142,i,58456.443,1.219,0.014
Mrk142,i,58466.413,1.229,0.013
Mrk142,i,58467.33,1.232,0.007
Mrk142,i,58471.378,1.225,0.018
Mrk142,i,58472.409,1.234,0.015
Mrk142,i,58473.386,1.239,0.017
Mrk142,i,58473.526,1.212,0.007
Mrk142,i,58474.336,1.185,0.053
Mrk142,i,58475.369,1.183,0.015
Mrk142,i,58475.371,1.208,0.019
Mrk142,i,58476.381,1.22,0.017
Mrk142,i,58476.406,1.216,0.013
Mrk142,i,58477.339,1.167,0.019
Mrk142,i,58477.351,1.209,0.013
Mrk142,i,58478.362,1.176,0.011
Mrk142,i,58480.35,1.203,0.008
Mrk142,i,58483.469,1.218,0.004
Mrk142,i,58486.018,1.198,0.012
Mrk142,i,58486.466,1.211,0.005
Mrk142,i,58487.005,1.198,0.013
Mrk142,i,58487.279,1.213,0.006
Mrk142,i,58487.348,1.202,0.015
Mrk142,i,58487.636,1.207,0.005
Mrk142,i,58488.083,1.201,0.012
Mrk142,i,58488.378,1.213,0.012
Mrk142,i,58488.492,1.24,0.025
Mrk142,i,58488.524,1.221,0.006
Mrk142,i,58488.565,1.214,0.005
Mrk142,i,58489.069,1.212,0.012
Mrk142,i,58489.655,1.207,0.005
Mrk142,i,58490.474,1.217,0.004
Mrk142,i,58491.082,1.22,0.011
Mrk142,i,58491.288,1.215,0.006
Mrk142,i,58491.531,1.214,0.004
Mrk142,i,58491.988,1.192,0.012
Mrk142,i,58492.539,1.202,0.005
Mrk142,i,58493.505,1.196,0.005
Mrk142,i,58494.103,1.185,0.012
Mrk142,i,58494.468,1.19,0.005
Mrk142,i,58495.259,1.201,0.006
Mrk142,i,58495.979,1.194,0.012
Mrk142,i,58496.468,1.205,0.005
Mrk142,i,58496.948,1.182,0.013
Mrk142,i,58497.492,1.214,0.004
Mrk142,i,58498.021,1.203,0.012
Mrk142,i,58498.246,1.214,0.01
Mrk142,i,58498.94,1.218,0.012
Mrk142,i,58499.443,1.223,0.005
Mrk142,i,58500.443,1.241,0.008
Mrk142,i,58500.463,1.237,0.004
Mrk142,i,58500.589,1.237,0.004
Mrk142,i,58502.35,1.226,0.014
Mrk142,i,58502.444,1.237,0.006
Mrk142,i,58503.036,1.235,0.012
Mrk142,i,58503.301,1.214,0.015
Mrk142,i,58503.307,1.244,0.008
Mrk142,i,58503.43,1.243,0.005
Mrk142,i,58503.528,1.265,0.017
Mrk142,i,58504.081,1.227,0.013
Mrk142,i,58504.441,1.31,0.026
Mrk142,i,58504.473,1.237,0.005
Mrk142,i,58504.52,1.223,0.028
Mrk142,i,58505.396,1.245,0.005
Mrk142,i,58505.45,1.246,0.006
Mrk142,i,58505.484,1.255,0.009
Mrk142,i,58506.474,1.252,0.004
Mrk142,i,58506.503,1.252,0.006
Mrk142,i,58507.016,1.246,0.012
Mrk142,i,58507.298,1.238,0.008
Mrk142,i,58507.342,1.238,0.006
Mrk142,i,58507.391,1.255,0.005
Mrk142,i,58508.042,1.235,0.012
Mrk142,i,58508.227,1.252,0.006
Mrk142,i,58508.293,1.244,0.008
Mrk142,i,58508.49,1.263,0.005
Mrk142,i,58509.303,1.275,0.008
Mrk142,i,58509.419,1.273,0.007
Mrk142,i,58509.981,1.222,0.03
Mrk142,i,58510.265,1.266,0.007
Mrk142,i,58510.474,1.29,0.006
Mrk142,i,58510.475,1.278,0.005
Mrk142,i,58511.218,1.291,0.012
Mrk142,i,58511.266,1.275,0.007
Mrk142,i,58512.285,1.302,0.023
Mrk142,i,58513.164,1.285,0.012
Mrk142,i,58514.03,1.289,0.012
Mrk142,i,58514.526,1.298,0.007
Mrk142,i,58514.994,1.287,0.012
Mrk142,i,58515.205,1.286,0.005
Mrk142,i,58515.312,1.285,0.006
Mrk142,i,58516.178,1.278,0.011
Mrk142,i,58516.303,1.265,0.006
Mrk142,i,58516.429,1.269,0.005
Mrk142,i,58517.01,1.266,0.011
Mrk142,i,58518.117,1.263,0.012
Mrk142,i,58518.317,1.261,0.011
Mrk142,i,58518.361,1.264,0.005
Mrk142,i,58518.945,1.265,0.012
Mrk142,i,58519.521,1.264,0.005
Mrk142,i,58519.955,1.266,0.011
Mrk142,i,58520.935,1.303,0.013
Mrk142,i,58521.403,1.322,0.008
Mrk142,i,58521.483,1.264,0.005
Mrk142,i,58522.288,1.283,0.006
Mrk142,i,58523.009,1.283,0.012
Mrk142,i,58523.235,1.283,0.005
Mrk142,i,58524.043,1.283,0.012
Mrk142,i,58524.93,1.285,0.012
Mrk142,i,58526.263,1.301,0.006
Mrk142,i,58526.476,1.327,0.006
Mrk142,i,58526.92,1.288,0.013
Mrk142,i,58527.187,1.308,0.006
Mrk142,i,58527.201,1.319,0.011
Mrk142,i,58527.905,1.312,0.013
Mrk142,i,58528.214,1.326,0.01
Mrk142,i,58529.462,1.313,0.007
Mrk142,i,58530.172,1.323,0.008
Mrk142,i,58531.36,1.334,0.013
Mrk142,i,58531.374,1.307,0.006
Mrk142,i,58532.163,1.3,0.02
Mrk142,i,58532.201,1.29,0.009
Mrk142,i,58533.154,1.283,0.017
Mrk142,i,58534.342,1.3,0.008
Mrk142,i,58534.343,1.31,0.012
Mrk142,i,58535.03,1.29,0.012
Mrk142,i,58535.201,1.271,0.01
Mrk142,i,58535.872,1.29,0.012
Mrk142,i,58536.198,1.298,0.006
Mrk142,i,58538.091,1.304,0.013
Mrk142,i,58538.197,1.292,0.007
Mrk142,i,58538.327,1.286,0.005
Mrk142,i,58539.028,1.284,0.012
Mrk142,i,58539.246,1.282,0.007
Mrk142,i,58539.378,1.301,0.006
Mrk142,i,58540.278,1.275,0.005
Mrk142,i,58540.458,1.278,0.005
Mrk142,i,58542.262,1.253,0.007
Mrk142,i,58542.465,1.269,0.005
Mrk142,i,58543.23,1.238,0.006
Mrk142,i,58543.236,1.254,0.005
Mrk142,i,58543.533,1.262,0.007
Mrk142,i,58544.174,1.245,0.009
Mrk142,i,58544.191,1.255,0.006
Mrk142,i,58544.382,1.26,0.004
Mrk142,i,58545.059,1.271,0.011
Mrk142,i,58545.144,1.205,0.025
Mrk142,i,58545.443,1.25,0.004
Mrk142,i,58545.884,1.234,0.012
Mrk142,i,58546.209,1.245,0.008
Mrk142,i,58546.41,1.246,0.008
Mrk142,i,58546.886,1.244,0.012
Mrk142,i,58547.296,1.242,0.007
Mrk142,i,58547.341,1.256,0.004
Mrk142,i,58547.905,1.241,0.011
Mrk142,i,58548.171,1.243,0.016
Mrk142,i,58548.548,1.248,0.029
Mrk142,i,58548.898,1.225,0.012
Mrk142,i,58549.134,1.222,0.005
Mrk142,i,58549.201,1.216,0.007
Mrk142,i,58550.297,1.234,0.005
Mrk142,i,58550.362,1.214,0.015
Mrk142,i,58551.425,1.242,0.008
Mrk142,i,58552.535,1.219,0.005
Mrk142,i,58553.156,1.212,0.009
Mrk142,i,58554.424,1.268,0.01
Mrk142,i,58554.89,1.219,0.012
Mrk142,i,58555.378,1.223,0.004
Mrk142,i,58555.907,1.265,0.011
Mrk142,i,58556.365,1.22,0.005
Mrk142,i,58556.463,1.234,0.013
Mrk142,i,58556.869,1.251,0.012
Mrk142,i,58557.155,1.206,0.006
Mrk142,i,58557.296,1.229,0.005
Mrk142,i,58557.873,1.253,0.012
Mrk142,i,58558.436,1.24,0.005
Mrk142,i,58558.488,1.237,0.005
Mrk142,i,58558.877,1.282,0.012
Mrk142,i,58559.285,1.254,0.009
Mrk142,i,58559.291,1.246,0.005
Mrk142,i,58559.857,1.228,0.018
Mrk142,i,58560.17,1.241,0.016
Mrk142,i,58560.257,1.263,0.011
Mrk142,i,58560.441,1.264,0.005
Mrk142,i,58560.864,1.255,0.013
Mrk142,i,58561.094,1.241,0.008
Mrk142,i,58561.243,1.272,0.005
Mrk142,i,58561.346,1.256,0.008
Mrk142,i,58561.883,1.266,0.014
Mrk142,i,58562.156,1.259,0.007
Mrk142,i,58562.241,1.266,0.005
Mrk142,i,58562.457,1.234,0.017
Mrk142,i,58562.865,1.262,0.012
Mrk142,i,58563.241,1.273,0.005
Mrk142,i,58563.393,1.243,0.026
Mrk142,i,58563.888,1.279,0.012
Mrk142,i,58564.284,1.281,0.01
Mrk142,i,58564.331,1.285,0.005
Mrk142,i,58564.897,1.28,0.012
Mrk142,i,58565.151,1.277,0.008
Mrk142,i,58565.251,1.289,0.005
Mrk142,i,58565.925,1.279,0.012
Mrk142,i,58566.096,1.272,0.005
Mrk142,i,58566.151,1.267,0.007
Mrk142,i,58566.26,1.297,0.014
Mrk142,i,58567.145,1.259,0.012
Mrk142,i,58568.144,1.248,0.005
Mrk142,i,58568.152,1.234,0.008
Mrk142,i,58568.434,1.263,0.005
Mrk142,i,58569.133,1.239,0.011
Mrk142,i,58570.177,1.225,0.011
Mrk142,i,58570.305,1.242,0.004
Mrk142,i,58571.188,1.21,0.007
Mrk142,i,58571.24,1.234,0.004
Mrk142,i,58571.476,1.234,0.004
Mrk142,i,58572.148,1.211,0.009
Mrk142,i,58574.146,1.248,0.011
Mrk142,i,58574.359,1.193,0.006
Mrk142,i,58575.172,1.186,0.009
Mrk142,i,58576.209,1.207,0.007
Mrk142,i,58576.298,1.202,0.005
Mrk142,i,58576.359,1.227,0.006
Mrk142,i,58577.147,1.205,0.007
Mrk142,i,58578.134,1.203,0.008
Mrk142,i,58579.155,1.205,0.007
Mrk142,i,58579.27,1.214,0.005
Mrk142,i,58580.135,1.209,0.007
Mrk142,i,58580.458,1.211,0.005
Mrk142,i,58581.156,1.224,0.007
Mrk142,i,58582.156,1.232,0.007
Mrk142,i,58582.235,1.247,0.005
Mrk142,i,58583.262,1.249,0.005
Mrk142,i,58583.915,1.256,0.011
Mrk142,i,58584.306,1.246,0.007
Mrk142,i,58584.865,1.257,0.012
Mrk142,i,58586.341,1.258,0.01
Mrk142,i,58586.881,1.27,0.012
Mrk142,i,58587.178,1.266,0.008
Mrk142,i,58587.872,1.236,0.013
Mrk142,i,58588.169,1.254,0.007
Mrk142,i,58588.331,1.233,0.005
Mrk142,i,58588.875,1.218,0.012
Mrk142,i,58589.277,1.224,0.005
Mrk142,i,58589.35,1.243,0.012
Mrk142,i,58589.863,1.277,0.022
Mrk142,i,58590.108,1.236,0.007
Mrk142,i,58590.208,1.244,0.008
Mrk142,i,58590.336,1.231,0.005
Mrk142,i,58590.896,1.249,0.012
Mrk142,i,58591.159,1.232,0.009
Mrk142,i,58591.277,1.235,0.005
Mrk142,i,58592.16,1.232,0.009
Mrk142,i,58592.3,1.202,0.005
Mrk142,i,58592.898,1.222,0.012
Mrk142,i,58593.169,1.223,0.008
Mrk142,i,58593.231,1.222,0.007
Mrk142,i,58593.344,1.227,0.005
Mrk142,i,58593.902,1.221,0.012
Mrk142,i,58594.17,1.212,0.008
Mrk142,i,58594.917,1.237,0.011
Mrk142,i,58595.192,1.214,0.013
Mrk142,i,58595.409,1.228,0.005
Mrk142,i,58595.911,1.243,0.011
Mrk142,i,58596.291,1.25,0.006
Mrk142,i,58597.121,1.244,0.006
Mrk142,i,58597.248,1.268,0.008
Mrk142,i,58597.302,1.255,0.004
Mrk142,i,58598.173,1.242,0.005
Mrk142,i,58598.184,1.276,0.007
Mrk142,i,58598.381,1.251,0.005
Mrk142,i,58599.199,1.272,0.007
Mrk142,i,58599.247,1.256,0.005
Mrk142,i,58600.199,1.276,0.008
Mrk142,i,58602.155,1.253,0.008
Mrk142,i,58603.188,1.277,0.008
Mrk142,i,58604.21,1.259,0.007
Mrk142,i,58604.252,1.244,0.006
Mrk142,i,58605.139,1.23,0.005
Mrk142,i,58605.19,1.259,0.008
Mrk142,i,58605.248,1.238,0.004
Mrk142,i,58607.167,1.243,0.007
Mrk142,i,58607.26,1.238,0.006
Mrk142,i,58607.282,1.233,0.004
Mrk142,i,58608.222,1.237,0.008
Mrk142,i,58609.149,1.24,0.009
Mrk142,i,58609.26,1.23,0.006
Mrk142,i,58610.183,1.234,0.012
Mrk142,i,58610.25,1.221,0.004
Mrk142,i,58611.159,1.223,0.006
Mrk142,i,58611.236,1.232,0.007
Mrk142,i,58611.327,1.22,0.005
Mrk142,i,58612.173,1.217,0.006
Mrk142,i,58612.356,1.209,0.005
Mrk142,i,58615.176,1.208,0.012
Mrk142,i,58615.338,1.212,0.005
Mrk142,i,58617.17,1.179,0.009
Mrk142,i,58618.176,1.216,0.011
Mrk142,i,58618.322,1.192,0.005
Mrk142,i,58619.182,1.184,0.013
Mrk142,i,58619.319,1.197,0.005
Mrk142,i,58620.202,1.171,0.009
Mrk142,i,58621.232,1.2,0.011
Mrk142,i,58621.232,1.202,0.01
Mrk142,i,58622.178,1.201,0.014
Mrk142,i,58622.225,1.235,0.008
Mrk142,i,58623.207,1.24,0.007
Mrk142,i,58625.19,1.233,0.006
Mrk142,i,58625.23,1.245,0.008
Mrk142,i,58626.187,1.247,0.008
Mrk142,i,58627.129,1.255,0.005
Mrk142,i,58627.167,1.238,0.007
Mrk142,i,58627.256,1.255,0.004
Mrk142,i,58628.185,1.277,0.008
Mrk142,i,58629.273,1.264,0.005
Mrk142,i,58630.188,1.269,0.008
Mrk142,i,58630.286,1.26,0.005
Mrk142,i,58631.199,1.265,0.006
Mrk142,i,58631.258,1.259,0.005
Mrk142,i,58632.168,1.291,0.021
Mrk142,i,58633.129,1.237,0.006
Mrk142,i,58633.19,1.286,0.008
Mrk142,i,58633.301,1.257,0.004
Mrk142,i,58639.286,1.261,0.005
Mrk142,i,58641.182,1.263,0.006
Mrk142,i,58642.169,1.279,0.006
Mrk142,i,58643.157,1.287,0.006
Mrk142,i,58643.29,1.265,0.005
Mrk142,i,58644.273,1.264,0.005
Mrk142,i,58645.283,1.258,0.005
Mrk142,i,58649.154,1.257,0.007
Mrk142,i,58649.263,1.243,0.005
Mrk142,i,58650.138,1.262,0.007
Mrk142,i,58650.27,1.25,0.005
Mrk142,i,58651.138,1.261,0.007
Mrk142,i,58651.269,1.251,0.005
Mrk142,i,58652.138,1.227,0.006
Mrk142,i,58653.146,1.214,0.011
Mrk142,i,58653.264,1.247,0.005
Mrk142,z,58483.472,1.014,0.006
Mrk142,z,58486.468,1.011,0.006
Mrk142,z,58487.638,1.009,0.006
Mrk142,z,58488.567,1.013,0.006
Mrk142,z,58489.657,0.999,0.006
Mrk142,z,58490.476,1.004,0.006
Mrk142,z,58491.533,1.007,0.006
Mrk142,z,58492.542,0.996,0.006
Mrk142,z,58493.507,0.998,0.006
Mrk142,z,58494.47,0.99,0.006
Mrk142,z,58496.471,1.003,0.006
Mrk142,z,58497.494,1.007,0.006
Mrk142,z,58499.445,1.009,0.006
Mrk142,z,58500.465,1.028,0.006
Mrk142,z,58500.599,1.021,0.006
Mrk142,z,58503.432,1.042,0.007
Mrk142,z,58504.475,1.023,0.007
Mrk142,z,58505.399,1.036,0.007
Mrk142,z,58506.479,1.031,0.006
Mrk142,z,58507.393,1.047,0.006
Mrk142,z,58508.492,1.047,0.006
Mrk142,z,58510.478,1.051,0.006
Mrk142,z,58518.363,1.047,0.006
Mrk142,z,58519.523,1.047,0.006
Mrk142,z,58540.461,1.065,0.006
Mrk142,z,58542.467,1.053,0.006
Mrk142,z,58543.535,1.017,0.009
Mrk142,z,58544.384,1.048,0.006
Mrk142,z,58545.446,1.054,0.006
Mrk142,z,58547.343,1.045,0.006
Mrk142,z,58548.55,0.978,0.024
Mrk142,z,58550.299,1.039,0.006
Mrk142,z,58552.537,1.032,0.006
Mrk142,z,58555.38,1.021,0.006
Mrk142,z,58556.367,1.028,0.006
Mrk142,z,58557.298,1.027,0.006
Mrk142,z,58558.439,1.023,0.006
Mrk142,z,58558.491,1.017,0.006
Mrk142,z,58559.294,1.034,0.006
Mrk142,z,58560.444,1.031,0.006
Mrk142,z,58561.246,1.04,0.006
Mrk142,z,58562.244,1.061,0.006
Mrk142,z,58563.244,1.053,0.006
Mrk142,z,58564.334,1.063,0.006
Mrk142,z,58565.254,1.071,0.006
Mrk142,z,58566.263,1.071,0.01
Mrk142,z,58568.437,1.034,0.006
Mrk142,z,58570.308,1.039,0.006
Mrk142,z,58571.243,1.012,0.006
Mrk142,z,58571.481,1.016,0.006
Mrk142,z,58576.301,1.001,0.006
Mrk142,z,58579.273,1.013,0.006
Mrk142,z,58580.461,1.004,0.006
Mrk142,z,58588.334,1.038,0.006
Mrk142,z,58589.28,1.045,0.006
Mrk142,z,58590.339,1.038,0.006
Mrk142,z,58592.303,1.022,0.006
Mrk142,z,58593.347,1.007,0.006
Mrk142,z,58595.412,1.024,0.006
Mrk142,z,58597.307,1.047,0.006
Mrk142,z,58598.384,1.023,0.006
Mrk142,z,58599.25,1.049,0.006
Mrk142,z,58605.251,1.039,0.006
Mrk142,z,58607.285,1.047,0.006
Mrk142,z,58610.255,1.038,0.006
Mrk142,z,58611.33,1.014,0.006
Mrk142,z,58612.359,1.001,0.006
Mrk142,z,58615.341,0.995,0.006
Mrk142,z,58618.325,0.996,0.006
Mrk142,z,58619.323,0.996,0.006
Mrk142,z,58627.259,1.03,0.006
Mrk142,z,58629.276,1.039,0.006
Mrk142,z,58630.289,1.039,0.006
Mrk142,z,58631.261,1.021,0.006
Mrk142,z,58633.304,1.049,0.006
Mrk142,z,58639.289,1.052,0.006
Mrk142,z,58643.292,1.033,0.006
Mrk142,z,58644.275,1.042,0.006
Mrk142,z,58645.286,1.059,0.006
Mrk142,z,58650.272,1.037,0.006
Mrk142,z,58651.271,1.048,0.006
Mrk142,z,58653.267,1.041,0.006
