Object,Filter,Cadence,MJD,Duration,Flux,Error
NGC4593,U,4001,57582.7801,35.7687,1.0976204,0.031726908
NGC4593,HX,4001,57582.78057,438.77808,0.711616,0.078928
NGC4593,SX,4001,57582.78057,438.77808,0.780595,0.082741
NGC4593,B,4001,57582.78057,35.77976,1.1207225,0.03176888
NGC4593,V,4001,57582.78277,35.76872003,1.27838354,0.04213841
NGC4593,U,4002,57582.84627,57.77939999,1.0472809,0.025245761
NGC4593,B,4002,57582.84699,57.77937996,1.1203103,0.02584964
NGC4593,HX,4002,57582.84771,717.088032,0.65222,0.053618
NGC4593,SX,4002,57582.84771,717.088032,0.739155,0.057008
NGC4593,W1,4003,57582.91379,114.76442,1.38177,0.030478352
NGC4593,U,4003,57582.91484,57.76836002,1.2095864,0.027687763
NGC4593,B,4003,57582.91556,57.76833999,1.1569124,0.026003308
NGC4593,HX,4003,57582.91638,732.132,0.575691,0.04976
NGC4593,SX,4003,57582.91638,732.132,0.770787,0.057544
NGC4593,W2,4003,57582.9173,230.76452,1.4760969,0.027603496
NGC4593,V,4003,57582.91902,57.76836002,1.3432696,0.035075296
NGC4593,M2,4003,57582.92049,188.91666,1.4711573,0.033724564
NGC4593,U,4004,57582.98388,67.77522004,1.1390124,0.02481502
NGC4593,B,4004,57582.98472,67.78624004,1.1752418,0.024450093
NGC4593,HX,4004,57582.98581,854.9900352,0.491734,0.042925
NGC4593,SX,4004,57582.98581,854.9900352,0.680724,0.050423
NGC4593,V,4004,57582.98878,67.76418,1.3330154,0.032761262
NGC4593,W1,4005,57583.0459,150.7537799,1.3859309,0.027413562
NGC4593,U,4005,57583.04726,74.7701,1.1472026,0.024193736
NGC4593,B,4005,57583.04818,74.78114003,1.1505063,0.02334681
NGC4593,HX,4005,57583.04934,915.1640064,0.490716,0.041111
NGC4593,SX,4005,57583.04934,915.1640064,0.581095,0.044747
NGC4593,W2,4005,57583.05043,301.76134,1.39597586,0.02413791
NGC4593,V,4005,57583.05266,74.75904,1.41370426,0.032811232
NGC4593,M2,4005,57583.05438,213.7297,1.2900399,0.029561646
NGC4593,U,4006,57583.11462,74.7701,1.12629835,0.02382951
NGC4593,B,4006,57583.11549,65.98786002,1.1336554,0.024205285
NGC4593,W1,4007,57583.178,170.76752,1.40261626,0.02636225
NGC4593,HX,4007,57583.17905,524.0260224,0.37239,0.044298
NGC4593,SX,4007,57583.17905,524.0260224,0.497354,0.051153
NGC4593,U,4007,57583.17953,84.78799999,1.11555815,0.022680652
NGC4593,B,4007,57583.18057,84.76592004,1.1337829,0.02206351
NGC4593,W2,4007,57583.18214,175.29102,1.3599366,0.029260642
NGC4593,W1,4008,57583.24466,170.76756,1.3736487,0.026047295
NGC4593,U,4008,57583.24619,84.77693999,1.1150838,0.022662872
NGC4593,B,4008,57583.24723,84.73284,1.1515783,0.022260764
NGC4593,HX,4008,57583.24867,1033.008077,0.399119,0.027928
NGC4593,SX,4008,57583.24867,1033.008077,0.520786,0.03191
NGC4593,W2,4008,57583.24977,341.77782,1.3443594,0.022515332
NGC4593,V,4008,57583.25229,84.76591998,1.3325673,0.030025777
NGC4593,M2,4008,57583.25422,240.39634,1.29435105,0.02823813
NGC4593,W1,4009,57583.31122,150.7759,1.3378179,0.026832098
NGC4593,U,4009,57583.31258,74.7701,1.1343921,0.024076774
NGC4593,B,4009,57583.3135,74.78114003,1.1448493,0.023358098
NGC4593,HX,4009,57583.31465,912.6580608,0.364813,0.030091
NGC4593,SX,4009,57583.31465,912.6580608,0.497007,0.035234
NGC4593,V,4009,57583.31798,74.7701,1.3262856,0.03142192
NGC4593,M2,4009,57583.31968,210.17714,1.35837115,0.030716175
NGC4593,W1,4010,57583.3787,126.76826,1.37530055,0.029192276
NGC4593,U,4010,57583.37985,62.77733999,1.1649909,0.026132234
NGC4593,B,4010,57583.38062,62.7773,1.1720362,0.025482857
NGC4593,HX,4010,57583.38144,772.2480384,0.355822,0.029603
NGC4593,SX,4010,57583.38144,772.2480384,0.512813,0.035542
NGC4593,W2,4010,57583.38252,252.76422,1.3674483,0.025383653
NGC4593,V,4010,57583.3844,62.76630002,1.3244931,0.033626493
NGC4593,M2,4010,57583.38584,177.53074,1.3638153,0.033031368
NGC4593,W1,4011,57583.44659,150.76488,1.3468927,0.02691606
NGC4593,U,4011,57583.44795,74.7701,1.1380467,0.02395283
NGC4593,B,4011,57583.44887,74.78112,1.1103314,0.022594736
NGC4593,HX,4011,57583.45004,915.1640064,0.419344,0.046094
NGC4593,SX,4011,57583.45004,915.1640064,0.563519,0.053493
NGC4593,V,4011,57583.45335,74.75906003,1.3217879,0.031334827
NGC4593,M2,4011,57583.45507,214.2262,1.2358903,0.02874423
NGC4593,W1,4012,57583.52235,146.7599,1.3449869,0.02708663
NGC4593,U,4012,57583.52367,72.77314001,1.18250196,0.02477397
NGC4593,B,4012,57583.52456,72.77314001,1.1770842,0.023743263
NGC4593,HX,4012,57583.52579,910.1500416,0.484923,0.031815
NGC4593,SX,4012,57583.52579,910.1500416,0.587207,0.034955
NGC4593,W2,4012,57583.52675,293.78458,1.35273525,0.023840182
NGC4593,V,4012,57583.52892,72.78417999,1.2868447,0.031062503
NGC4593,M2,4012,57583.53071,226.32932,1.3319875,0.029489531
NGC4593,W1,4013,57583.5849,156.75568,1.3407734,0.026361119
NGC4593,U,4013,57583.58631,77.76002002,1.16467335,0.023908233
NGC4593,B,4013,57583.58727,77.77102,1.1637912,0.022935336
NGC4593,HX,4013,57583.58861,967.8180672,0.402957,0.028012
NGC4593,SX,4013,57583.58861,967.8180672,0.527662,0.032078
NGC4593,W2,4013,57583.5896,313.7762,1.3579065,0.023350912
NGC4593,V,4013,57583.59193,77.77105999,1.3460409,0.031211512
NGC4593,M2,4013,57583.59381,239.62398,1.3199535,0.02866189
NGC4593,W1,4014,57583.65736,157.78176,1.3310751,0.026129076
NGC4593,U,4014,57583.65878,78.77504003,1.1604919,0.02370475
NGC4593,B,4014,57583.65975,78.764,1.1682391,0.022883453
NGC4593,HX,4014,57583.66061,890.091936,0.511618,0.042102
NGC4593,SX,4014,57583.66061,890.091936,0.696506,0.049152
NGC4593,W2,4014,57583.6621,316.76612,1.3363741,0.023000264
NGC4593,V,4014,57583.66445,78.77504003,1.338099,0.0309078
NGC4593,M2,4014,57583.66585,154.59328,1.279051,0.033689158
NGC4593,W1,4015,57583.72804,123.7673,1.3643751,0.029266015
NGC4593,U,4015,57583.72917,61.77329999,1.2218197,0.027046718
NGC4593,B,4015,57583.72994,61.77329999,1.1691644,0.02524664
NGC4593,HX,4015,57583.73075,767.2340736,0.558409,0.047789
NGC4593,SX,4015,57583.73075,767.2340736,0.661486,0.052257
NGC4593,W2,4015,57583.73179,247.7773,1.3190255,0.024978366
NGC4593,V,4015,57583.73364,61.78434002,1.32233685,0.033850354
NGC4593,M2,4015,57583.73511,185.49648,1.30477065,0.031569585
NGC4593,W1,4016,57583.84246,106.75452,1.4236948,0.032041046
NGC4593,U,4016,57583.84345,52.77046001,1.10755114,0.027073068
NGC4593,B,4016,57583.84411,52.77046001,1.13752146,0.027054306
NGC4593,HX,4016,57583.84463,651.8980224,0.604327,0.053967
NGC4593,SX,4016,57583.84463,651.8980224,0.726851,0.05913
NGC4593,W2,4016,57583.84571,212.76982,1.3570426,0.026972192
NGC4593,V,4016,57583.8473,52.77045995,1.3870124,0.037385432
NGC4593,M2,4016,57583.84852,146.47304,1.3198043,0.03512165
NGC4593,U,4017,57583.91034,69.77218002,1.09387554,0.02405988
NGC4593,B,4017,57583.9112,69.77218002,1.123983,0.023691922
NGC4593,HX,4017,57583.9122,852.482016,0.738268,0.068614
NGC4593,SX,4017,57583.9122,852.482016,0.937051,0.07728
NGC4593,V,4017,57583.91538,69.72806001,1.2880118,0.03170408
NGC4593,U,4018,57583.97938,79.7349,1.14171215,0.02346882
NGC4593,B,4018,57583.98036,79.76800001,1.1203032,0.022197623
NGC4593,HX,4018,57583.98154,952.7739264,0.631113,0.04508
NGC4593,SX,4018,57583.98154,952.7739264,0.825244,0.051599
NGC4593,W2,4018,57583.98275,321.73094,1.2309621,0.021674959
NGC4593,V,4018,57583.98513,79.76800001,1.38594775,0.031580408
NGC4593,M2,4018,57583.98695,226.1969,1.26760005,0.028577155
NGC4593,HX,4019,57584.0424,265.7740032,0.494731,0.061349
NGC4593,SX,4019,57584.0424,265.7740032,0.797652,0.077883
NGC4593,W1,4019,57584.04276,157.77074,1.31867605,0.02605604
NGC4593,U,4019,57584.04417,78.77504003,1.1460445,0.023716142
NGC4593,W1,4020,57584.10971,146.77092,1.377452,0.02756583
NGC4593,U,4020,57584.11104,72.78417999,1.12633435,0.024050995
NGC4593,B,4020,57584.11194,72.78416002,1.1561386,0.02363422
NGC4593,HX,4020,57584.1132,920.1800448,0.548669,0.03805
NGC4593,SX,4020,57584.1132,920.1800448,0.806201,0.046117
NGC4593,W2,4020,57584.11412,293.77352,1.3460913,0.023756609
NGC4593,V,4020,57584.1163,72.77311999,1.30997686,0.031420862
NGC4593,M2,4020,57584.11814,236.38028,1.3344239,0.029003737
NGC4593,W1,4021,57584.17617,156.76676,1.3294968,0.02623944
NGC4593,U,4021,57584.17758,78.76398003,1.11990715,0.023232015
NGC4593,B,4021,57584.17855,78.77504003,1.1714076,0.023129365
NGC4593,HX,4021,57584.17973,942.7439232,0.568859,0.043505
NGC4593,SX,4021,57584.17973,942.7439232,0.655757,0.046759
NGC4593,W2,4021,57584.18089,314.76916,1.3568939,0.02329539
NGC4593,V,4021,57584.18323,78.77502,1.3289063,0.030764607
NGC4593,M2,4021,57584.18495,210.37568,1.3503758,0.03062375
NGC4593,W1,4022,57584.24153,166.7736,1.2995467,0.025281064
NGC4593,U,4022,57584.24303,82.78000003,1.1224503,0.02295146
NGC4593,B,4022,57584.24404,82.76896,1.1369151,0.022264849
NGC4593,HX,4022,57584.24537,1002.919968,0.519351,0.036163
NGC4593,SX,4022,57584.24537,1002.919968,0.658024,0.040731
NGC4593,W2,4022,57584.24653,332.7749,1.3134753,0.022373285
NGC4593,V,4022,57584.24899,82.77999997,1.3548083,0.03062998
NGC4593,M2,4022,57584.25083,227.05746,1.293313,0.028877804
NGC4593,U,4023,57584.30939,72.77314001,1.1031833,0.023819363
NGC4593,B,4023,57584.3103,72.77312005,1.0993563,0.022950307
NGC4593,HX,4023,57584.31134,882.569952,0.489096,0.033956
NGC4593,SX,4023,57584.31134,882.569952,0.664117,0.039605
NGC4593,V,4023,57584.31465,72.77316004,1.2980171,0.03133435
NGC4593,W1,4024,57584.3761,185.772,1.2856944,0.024053838
NGC4593,U,4024,57584.37776,92.78688002,1.10047215,0.021641971
NGC4593,B,4024,57584.37889,92.76477998,1.1161419,0.020939009
NGC4593,HX,4024,57584.38066,1143.327917,0.530175,0.033907
NGC4593,SX,4024,57584.38066,1143.327917,0.607883,0.036268
NGC4593,W2,4024,57584.38165,371.76526,1.2906817,0.021258989
NGC4593,V,4024,57584.3844,92.76477998,1.3415244,0.029138272
NGC4593,M2,4024,57584.38662,282.56412,1.24945246,0.025950562
NGC4593,W1,4025,57584.44342,175.76544,1.3468013,0.025319144
NGC4593,U,4025,57584.445,87.72276002,1.1135198,0.022226748
NGC4593,B,4025,57584.44607,87.77789998,1.145823,0.021748947
NGC4593,HX,4025,57584.44769,1083.153946,0.409484,0.026966
NGC4593,SX,4025,57584.44769,1083.153946,0.579257,0.032004
NGC4593,W2,4025,57584.44869,351.7736,1.27461704,0.0214864
NGC4593,V,4025,57584.45129,87.77789998,1.3284798,0.029555534
NGC4593,M2,4025,57584.45339,265.07692,1.30086736,0.027296203
NGC4593,W1,4026,57584.50832,146.7709,1.2868628,0.026366907
NGC4593,U,4026,57584.50964,73.77711999,1.1090375,0.023653223
NGC4593,B,4026,57584.51055,73.77711999,1.1252044,0.02308057
NGC4593,HX,4026,57584.51181,920.1800448,0.371013,0.035241
NGC4593,SX,4026,57584.51181,920.1800448,0.508317,0.041195
NGC4593,V,4026,57584.51493,73.76609999,1.361831,0.032109873
NGC4593,M2,4026,57584.51676,234.32818,1.2649436,0.028147707
NGC4593,U,4027,57584.57554,87.77790004,1.0762192,0.021786343
NGC4593,B,4027,57584.57661,87.77792001,1.09697424,0.021257325
NGC4593,HX,4027,57584.57823,1083.153946,0.27518,0.02201
NGC4593,SX,4027,57584.57823,1083.153946,0.356852,0.025018
NGC4593,W2,4027,57584.57922,351.77358,1.1905391,0.020524197
NGC4593,V,4027,57584.58182,87.76686001,1.2932418,0.029022147
NGC4593,M2,4027,57584.58393,267.49312,1.2110891,0.025995714
NGC4593,W1,4028,57584.64815,173.76848,1.2816659,0.024580973
NGC4593,U,4028,57584.6497,86.77390003,1.1499339,0.02278571
NGC4593,B,4028,57584.65076,86.76286,1.1846518,0.022313712
NGC4593,HX,4028,57584.65184,1085.661965,0.217021,0.018862
NGC4593,SX,4028,57584.65184,1085.661965,0.233348,0.019023
NGC4593,W2,4028,57584.65334,347.77968,1.2477131,0.021266369
NGC4593,V,4028,57584.65591,86.77390003,1.30484324,0.029323428
NGC4593,M2,4028,57584.65778,225.9321401,1.31999395,0.02933853
NGC4593,W1,4029,57584.7252,123.7673,1.3464237,0.029058026
NGC4593,U,4029,57584.72633,61.76227999,1.12294995,0.025408723
NGC4593,B,4029,57584.72709,61.78434002,1.1130262,0.024348068
NGC4593,HX,4029,57584.72796,772.2520128,0.180513,0.020087
NGC4593,SX,4029,57584.72796,772.2520128,0.199616,0.020931
NGC4593,W2,4029,57584.72895,247.76626,1.2184289,0.023756386
NGC4593,V,4029,57584.73079,61.77331996,1.2676271,0.032937697
NGC4593,M2,4029,57584.7323,189.2918,1.2329331,0.03021967
NGC4593,W1,4030,57584.83877,95.76573998,1.2901771,0.031561652
NGC4593,U,4030,57584.83965,47.78358001,1.1035813,0.028291485
NGC4593,B,4030,57584.84026,47.73944002,1.1046685,0.027823444
NGC4593,HX,4030,57584.84073,604.2620736,0.174781,0.02074
NGC4593,SX,4030,57584.84073,604.2620736,0.247717,0.02479
NGC4593,W2,4030,57584.84171,192.76718,1.2338709,0.02647121
NGC4593,V,4030,57584.84316,47.77253997,1.2702703,0.037041325
NGC4593,M2,4030,57584.84434,148.1279801,1.2645633,0.0340812
NGC4593,U,4031,57584.90716,67.78626001,1.0520285,0.023606607
NGC4593,B,4031,57584.908,67.77522004,1.1094859,0.023726237
NGC4593,HX,4031,57584.90891,822.39408,0.175299,0.024042
NGC4593,SX,4031,57584.90891,822.39408,0.205328,0.026083
NGC4593,W2,4031,57584.91004,272.7779,1.17677,0.02238651
NGC4593,V,4031,57584.91207,67.77520001,1.3357551,0.03286668
NGC4593,M2,4031,57584.91358,184.17254,1.2060803,0.030163396
NGC4593,U,4032,57584.97631,80.77200001,1.1199784,0.023017326
NGC4593,B,4032,57584.9773,80.77200001,1.14285116,0.022423855
NGC4593,HX,4032,57584.97864,987.876,0.245821,0.021774
NGC4593,SX,4032,57584.97864,987.876,0.270405,0.022925
NGC4593,V,4032,57584.98213,80.78303999,1.2816117,0.02979394
NGC4593,W1,4033,57585.23875,166.7625999,1.29389306,0.025197332
NGC4593,U,4033,57585.24024,82.78000003,1.06318695,0.022011881
NGC4593,B,4033,57585.24125,82.77998,1.1012836,0.021722537
NGC4593,HX,4033,57585.2426,1002.919968,0.37935,0.028131
NGC4593,SX,4033,57585.2426,1002.919968,0.481733,0.031767
NGC4593,W2,4033,57585.24372,332.77496,1.0986613,0.019856566
NGC4593,V,4033,57585.24619,82.77998,1.2711572,0.029321994
NGC4593,M2,4033,57585.24804,228.96622,1.1630988,0.02693925
NGC4593,W1,4034,57585.30529,146.7599,1.2524465,0.025966433
NGC4593,U,4034,57585.30661,72.78417999,1.0298442,0.022603432
NGC4593,B,4034,57585.30752,72.77314001,1.1018704,0.02288598
NGC4593,HX,4034,57585.30856,882.569952,0.352664,0.028003
NGC4593,SX,4034,57585.30856,882.569952,0.540434,0.034717
NGC4593,W2,4034,57585.30972,292.7806,1.17366046,0.021751446
NGC4593,V,4034,57585.31189,72.78420001,1.316899,0.031625042
NGC4593,M2,4034,57585.3135,197.34586,1.1829951,0.028942158
NGC4593,U,4035,57585.3723,74.77008003,1.0626428,0.022993615
NGC4593,B,4035,57585.37322,74.78113997,1.0771717,0.022449602
NGC4593,HX,4035,57585.37437,912.6580608,0.500499,0.042502
NGC4593,SX,4035,57585.37437,912.6580608,0.658461,0.048719
NGC4593,W2,4035,57585.37547,301.77246,1.13617374,0.02106258
NGC4593,V,4035,57585.37771,74.77008003,1.29234426,0.030920697
NGC4593,M2,4035,57585.37941,208.67666,1.1471329,0.027757743
NGC4593,HX,4036,57585.44103,912.6580608,0.43975,0.030561
NGC4593,SX,4036,57585.44103,912.6580608,0.522601,0.033373
NGC4593,W2,4036,57585.44212,301.77246,1.1388839,0.021075666
NGC4593,M2,4036,57585.44606,211.21424,1.2492534,0.02907733
NGC4593,W1,4037,57585.50427,150.76486,1.2509805,0.025667502
NGC4593,U,4037,57585.50563,74.7701,1.06369195,0.022923602
NGC4593,B,4037,57585.50655,74.74805999,1.1264738,0.023042637
NGC4593,HX,4037,57585.5077,912.6580608,0.493053,0.051286
NGC4593,SX,4037,57585.5077,912.6580608,0.692931,0.060706
NGC4593,W2,4037,57585.50881,301.78348,1.1373483,0.02107332
NGC4593,V,4037,57585.51104,74.77012002,1.2972715,0.031000522
NGC4593,M2,4037,57585.51273,209.8572,1.1685142,0.027996048
NGC4593,W1,4038,57585.57025,150.76486,1.2781069,0.026041784
NGC4593,U,4038,57585.5716,74.7701,1.0832353,0.023266656
NGC4593,B,4038,57585.57252,74.78113997,1.0981942,0.022687478
NGC4593,HX,4038,57585.57367,912.6580608,0.588189,0.040612
NGC4593,SX,4038,57585.57367,912.6580608,0.745998,0.045783
NGC4593,W2,4038,57585.57477,301.77244,1.1821977,0.02160112
NGC4593,V,4038,57585.577,74.77010006,1.3164565,0.03131023
NGC4593,M2,4038,57585.5787,210.73982,1.1374452,0.027478577
NGC4593,W1,4039,57585.6485,162.76868,1.2719923,0.025066786
NGC4593,U,4039,57585.64996,80.77200001,1.0663256,0.022062756
NGC4593,B,4039,57585.65095,80.76098001,1.118744,0.02197052
NGC4593,HX,4039,57585.65232,997.9060032,0.568883,0.042493
NGC4593,SX,4039,57585.65232,997.9060032,0.637072,0.045188
NGC4593,W2,4039,57585.65337,325.76906,1.195188,0.021141625
NGC4593,V,4039,57585.65578,80.78301996,1.3529117,0.030896893
NGC4593,M2,4039,57585.65769,241.28996,1.1791676,0.026634845
NGC4593,W1,4040,57585.72208,123.7673,1.3361075,0.028863974
NGC4593,U,4040,57585.7232,61.77329999,1.0908016,0.02481266
NGC4593,B,4040,57585.72397,61.76230001,1.1049006,0.02421967
NGC4593,HX,4040,57585.7245,767.2340736,0.489506,0.044194
NGC4593,SX,4040,57585.7245,767.2340736,0.538074,0.046267
NGC4593,W2,4040,57585.72582,247.77732,1.1696501,0.023105314
NGC4593,V,4040,57585.72768,61.72920001,1.3229462,0.03385435
NGC4593,M2,4040,57585.729,158.38862,1.07245145,0.030022355
NGC4593,W1,4041,57585.83588,90.76782,1.26704635,0.031993236
NGC4593,U,4041,57585.83673,44.78262001,1.0667231,0.028376308
NGC4593,B,4041,57585.83729,44.78262001,1.076244,0.02791183
NGC4593,HX,4041,57585.83757,554.1139584,0.396341,0.041078
NGC4593,SX,4041,57585.83757,554.1139584,0.563762,0.049035
NGC4593,W2,4041,57585.83867,181.76736,1.1968035,0.026621152
NGC4593,V,4041,57585.84003,44.77157998,1.34411635,0.039526208
NGC4593,M2,4041,57585.84103,120.09336,1.2011519,0.036195642
NGC4593,W1,4042,57585.90277,130.7732,1.22046335,0.02674374
NGC4593,U,4042,57585.90395,64.77425998,1.0580292,0.024129015
NGC4593,B,4042,57585.90476,64.78531998,1.1159605,0.024276197
NGC4593,HX,4042,57585.90562,792.3059712,0.404459,0.031978
NGC4593,SX,4042,57585.90562,792.3059712,0.525407,0.036511
NGC4593,W2,4042,57585.90671,261.7781,1.1289986,0.022151395
NGC4593,V,4042,57585.90865,64.77426004,1.3017981,0.032948192
NGC4593,M2,4042,57585.91013,180.15654,1.1643649,0.029799678
NGC4593,W1,4043,57585.97269,170.86682,1.2504353,0.024353547
NGC4593,U,4043,57585.97422,84.78798002,1.06718655,0.021783517
NGC4593,B,4043,57585.97526,84.76592004,1.14307715,0.021975603
NGC4593,HX,4043,57585.97587,890.091936,0.3804,0.028753
NGC4593,SX,4043,57585.97587,890.091936,0.40494,0.029701
NGC4593,W2,4043,57585.97779,341.7778,1.1878734,0.020700649
NGC4593,V,4043,57585.98032,84.77696002,1.2912094,0.029409926
NGC4593,M2,4043,57585.98143,99.17492002,1.20640065,0.039580952
NGC4593,W1,4044,57586.03566,159.7677,1.25131025,0.025094902
NGC4593,U,4044,57586.03712,79.76800001,1.04543915,0.022109778
NGC4593,B,4044,57586.03809,79.76802003,1.09743825,0.022025579
NGC4593,HX,4044,57586.03933,965.3159232,0.371177,0.035928
NGC4593,SX,4044,57586.03933,965.3159232,0.43589,0.039012
NGC4593,W2,4044,57586.04048,319.77812,1.131847,0.02055274
NGC4593,V,4044,57586.04284,79.77902001,1.3190171,0.030565576
NGC4593,M2,4044,57586.04462,219.37856,1.1788057,0.027636567
NGC4593,U,4045,57586.1039,84.76590002,1.0754619,0.022054192
NGC4593,B,4045,57586.10493,84.75488001,1.0507923,0.0208061
NGC4593,HX,4045,57586.10635,1025.490067,0.373019,0.037913
NGC4593,SX,4045,57586.10635,1025.490067,0.426908,0.040031
NGC4593,W2,4045,57586.10746,339.78084,1.1346011,0.020129733
NGC4593,V,4045,57586.10997,84.77697998,1.30576854,0.02965305
NGC4593,M2,4045,57586.11188,237.37328,1.15509925,0.026424585
NGC4593,W1,4046,57586.16905,169.76356,1.23588206,0.024295176
NGC4593,U,4046,57586.17057,84.77695996,1.04876875,0.021613999
NGC4593,B,4046,57586.1716,84.77696002,1.07171775,0.021082896
NGC4593,HX,4046,57586.17302,1025.48592,0.311079,0.025071
NGC4593,SX,4046,57586.17302,1025.48592,0.313789,0.025136
NGC4593,W2,4046,57586.17413,339.78086,1.1494741,0.020301757
NGC4593,V,4046,57586.17664,84.77695996,1.319236,0.02983557
NGC4593,M2,4046,57586.17855,236.72234,1.2060068,0.02718116
NGC4593,U,4047,57586.23654,84.78799999,1.0280284,0.021350703
NGC4593,B,4047,57586.23758,84.77696002,1.0741256,0.02122053
NGC4593,HX,4047,57586.23898,1025.487994,0.183637,0.020184
NGC4593,SX,4047,57586.23898,1025.487994,0.250749,0.023588
NGC4593,V,4047,57586.24261,84.78802001,1.2564248,0.028861353
NGC4593,W1,4048,57586.30157,149.7719,1.2249392,0.025405652
NGC4593,U,4048,57586.30293,74.7701,1.06111764,0.02294552
NGC4593,B,4048,57586.30385,74.7701,1.0835707,0.022499546
NGC4593,HX,4048,57586.30496,905.1379776,0.319023,0.035537
NGC4593,SX,4048,57586.30496,905.1379776,0.461846,0.042873
NGC4593,W2,4048,57586.30608,299.77548,1.1426944,0.021187535
NGC4593,V,4048,57586.3083,74.78114003,1.2835833,0.030797102
NGC4593,M2,4048,57586.30998,205.8743,1.2187087,0.028954307
NGC4593,U,4049,57586.36958,74.7701,1.0140472,0.022159954
NGC4593,B,4049,57586.3705,74.7701,1.0725057,0.022284907
NGC4593,HX,4049,57586.37163,907.6420224,0.325465,0.02661
NGC4593,SX,4049,57586.37163,907.6420224,0.386944,0.029049
NGC4593,V,4049,57586.37497,74.78113997,1.2577031,0.03036426
NGC4593,W1,4050,57586.4342,149.7388,1.2073732,0.02514689
NGC4593,U,4050,57586.43555,74.7701,1.0541722,0.022790414
NGC4593,B,4050,57586.43648,74.77011997,1.0966194,0.02263471
NGC4593,HX,4050,57586.43759,905.1360768,0.529108,0.0478
NGC4593,SX,4050,57586.43759,905.1360768,0.727994,0.056279
NGC4593,W2,4050,57586.43871,299.77546,1.14451964,0.021220068
NGC4593,V,4050,57586.44093,74.75906003,1.2718725,0.030612975
NGC4593,M2,4050,57586.44261,206.90034,1.10289644,0.027210518
NGC4593,HX,4051,57586.50406,940.2379776,0.592463,0.044737
NGC4593,SX,4051,57586.50406,940.2379776,0.805395,0.052071
NGC4593,U,4052,57586.56896,72.78417999,1.0387624,0.022725807
NGC4593,B,4052,57586.56985,72.77312005,1.1001076,0.022926257
NGC4593,HX,4052,57586.57099,897.61392,0.570042,0.054034
NGC4593,SX,4052,57586.57099,897.61392,0.688821,0.059503
NGC4593,V,4052,57586.57421,72.77311999,1.3227959,0.031733473
NGC4593,U,4053,57586.64818,80.77201998,1.0817187,0.02229901
NGC4593,B,4053,57586.64917,80.77202004,1.1524699,0.022471583
NGC4593,HX,4053,57586.65027,992.8899648,0.548754,0.042525
NGC4593,SX,4053,57586.65027,992.8899648,0.687312,0.047734
NGC4593,W2,4053,57586.65158,324.77604,1.23210005,0.021592649
NGC4593,V,4053,57586.65398,80.77200001,1.3269717,0.030495473
NGC4593,W1,4054,57586.71886,113.76042,1.2691137,0.028954413
NGC4593,U,4054,57586.7199,56.77542001,1.06865505,0.025313132
NGC4593,B,4054,57586.72061,56.76438004,1.1082166,0.025161495
NGC4593,HX,4054,57586.72123,732.132,0.611632,0.050377
NGC4593,SX,4054,57586.72123,732.132,0.946922,0.062619
NGC4593,W2,4054,57586.72232,227.7305,1.2416507,0.024845065
NGC4593,V,4054,57586.72402,56.77539998,1.26019216,0.033981397
NGC4593,M2,4054,57586.72542,177.25488,1.2092491,0.030716445
NGC4593,W1,4055,57586.89909,131.75512,1.3138524,0.02795328
NGC4593,U,4055,57586.90029,65.76722002,1.04969236,0.02389383
NGC4593,B,4055,57586.90111,65.77826005,1.1176409,0.024237655
NGC4593,HX,4055,57586.90204,809.8579584,0.573873,0.047515
NGC4593,SX,4055,57586.90204,809.8579584,0.793039,0.055861
NGC4593,W2,4055,57586.9031,264.88934,1.2732115,0.02383585
NGC4593,V,4055,57586.90506,65.77826005,1.2710905,0.03223789
NGC4593,M2,4055,57586.90659,190.6047201,1.26311035,0.030597726
NGC4593,W1,4056,57586.9687,161.7426,1.3424704,0.026120244
NGC4593,U,4056,57586.97015,80.77199996,1.0848346,0.022456927
NGC4593,B,4056,57586.97115,80.77200001,1.1481087,0.02249188
NGC4593,HX,4056,57586.97252,992.8899648,0.573822,0.037368
NGC4593,SX,4056,57586.97252,992.8899648,0.742643,0.042541
NGC4593,W2,4056,57586.97356,324.77604,1.2835482,0.022216255
NGC4593,V,4056,57586.97596,80.77198005,1.3245565,0.030483016
NGC4593,M2,4056,57586.97785,237.26292,1.2690328,0.02805319
NGC4593,W1,4057,57587.03281,160.78274,1.28407705,0.02544003
NGC4593,U,4057,57587.03425,79.77902001,1.0738316,0.022520322
NGC4593,B,4057,57587.03523,79.77904004,1.1077831,0.022153077
NGC4593,HX,4057,57587.03653,972.832032,0.664656,0.042432
NGC4593,SX,4057,57587.03653,972.832032,0.830432,0.047473
NGC4593,W2,4057,57587.03762,320.78212,1.266026,0.022115586
NGC4593,V,4057,57587.03999,79.77904004,1.3012664,0.03027142
NGC4593,M2,4057,57587.04181,225.54598,1.26752196,0.028597717
NGC4593,W1,4058,57587.09883,170.76752,1.35374584,0.025751498
NGC4593,U,4058,57587.10037,84.77693999,1.0604796,0.021833115
NGC4593,B,4058,57587.10141,84.77696002,1.1328005,0.02202683
NGC4593,HX,4058,57587.10284,1033.008077,0.633898,0.059574
NGC4593,SX,4058,57587.10284,1033.008077,1.037319,0.075963
NGC4593,W2,4058,57587.10395,340.77376,1.3101409,0.022147589
NGC4593,V,4058,57587.10646,84.76594001,1.3135137,0.029768854
NGC4593,M2,4058,57587.10839,239.7895,1.2451242,0.027584038
NGC4593,W1,4059,57587.16569,165.78064,1.3156253,0.025522469
NGC4593,U,4059,57587.16718,82.77999997,1.1094704,0.0227317
NGC4593,B,4059,57587.1682,82.77998,1.1102411,0.02192646
NGC4593,HX,4059,57587.1696,1012.949971,0.619461,0.049195
NGC4593,SX,4059,57587.1696,1012.949971,0.883703,0.058805
NGC4593,V,4059,57587.17313,82.76896,1.3199054,0.0301107
NGC4593,U,4060,57587.24918,81.77599996,1.0920523,0.02237896
NGC4593,B,4060,57587.25018,81.77598,1.1308805,0.022049779
NGC4593,HX,4060,57587.25159,1005.427987,0.6058,0.038943
NGC4593,SX,4060,57587.25159,1005.427987,0.881838,0.046927
NGC4593,V,4060,57587.25505,81.77601999,1.3414003,0.030595029
NGC4593,W1,4061,57587.31299,163.77268,1.3034826,0.025445804
NGC4593,U,4061,57587.31446,81.74292004,1.0843677,0.022258782
NGC4593,B,4061,57587.31546,81.78701997,1.1234836,0.021936928
NGC4593,HX,4061,57587.31688,1007.933933,0.670363,0.050636
NGC4593,SX,4061,57587.31688,1007.933933,0.932098,0.059829
NGC4593,W2,4061,57587.31789,327.77706,1.2977852,0.022304564
NGC4593,V,4061,57587.32032,81.78706002,1.284456,0.029691438
NGC4593,M2,4061,57587.32226,243.97098,1.27791785,0.027868305
NGC4593,W1,4062,57587.36469,150.7758999,1.2836523,0.026102067
NGC4593,U,4062,57587.36605,74.78114003,1.0651404,0.022988895
NGC4593,B,4062,57587.36697,74.77007997,1.1297877,0.023215524
NGC4593,HX,4062,57587.36812,912.6580608,0.541773,0.035362
NGC4593,SX,4062,57587.36812,912.6580608,0.763799,0.041866
NGC4593,W2,4062,57587.36922,300.76846,1.31457625,0.023228182
NGC4593,V,4062,57587.37145,74.77012002,1.2949143,0.03101054
NGC4593,M2,4062,57587.37315,210.0668,1.26284345,0.02936699
NGC4593,W1,4063,57587.43136,150.77592,1.3670806,0.02721389
NGC4593,U,4063,57587.43273,74.88044,1.1181916,0.023759033
NGC4593,B,4063,57587.43365,74.78112,1.1366563,0.023201897
NGC4593,HX,4063,57587.43479,912.6580608,0.786416,0.071027
NGC4593,SX,4063,57587.43479,912.6580608,1.170924,0.086477
NGC4593,W2,4063,57587.4359,300.76846,1.3161926,0.023234016
NGC4593,V,4063,57587.43813,74.78114003,1.30091445,0.031079478
NGC4593,M2,4063,57587.43982,209.15108,1.3186173,0.03021182
NGC4593,W1,4064,57587.49835,176.76946,1.3771325,0.025633223
NGC4593,U,4064,57587.49994,87.73378003,1.0920405,0.021927573
NGC4593,B,4064,57587.50101,87.76686001,1.1430432,0.021847461
NGC4593,HX,4064,57587.50259,1078.13808,0.811507,0.053904
NGC4593,SX,4064,57587.50259,1078.13808,1.003015,0.059955
NGC4593,W2,4064,57587.50363,353.7816,1.3484666,0.022252334
NGC4593,V,4064,57587.50624,87.77790004,1.3269892,0.02951247
NGC4593,M2,4064,57587.50829,257.54144,1.3750071,0.028619843
NGC4593,U,4065,57587.5658,89.77485996,1.0916591,0.021857484
NGC4593,B,4065,57587.56691,89.77487999,1.0866153,0.020918443
NGC4593,HX,4065,57587.56846,1090.67593,0.689409,0.056187
NGC4593,SX,4065,57587.56846,1090.67593,1.123804,0.071246
NGC4593,V,4065,57587.57225,89.78590006,1.28954956,0.028785552
NGC4593,U,4066,57587.6458,80.77197999,1.1586645,0.02350692
NGC4593,B,4066,57587.64679,80.77201998,1.14978455,0.022446135
NGC4593,HX,4066,57587.64819,995.397984,0.686532,0.046278
NGC4593,SX,4066,57587.64819,995.397984,1.019413,0.056357
NGC4593,W2,4066,57587.64921,324.77604,1.4092799,0.023654525
NGC4593,V,4066,57587.65161,80.76098001,1.3066,0.030202397
NGC4593,M2,4066,57587.65352,241.6099,1.3218232,0.028600507
NGC4593,W1,4067,57587.89627,121.77032,1.3749153,0.029727902
NGC4593,U,4067,57587.89737,60.72518003,1.1452307,0.02627497
NGC4593,B,4067,57587.89813,60.75830001,1.103028,0.024808594
NGC4593,HX,4067,57587.89891,749.6820864,0.750494,0.062867
NGC4593,SX,4067,57587.89891,749.6820864,1.201045,0.079453
NGC4593,W2,4067,57587.89996,244.78736,1.3874523,0.02598905
NGC4593,V,4067,57587.90178,60.78034002,1.3537774,0.034792416
NGC4593,M2,4067,57587.90321,176.32812,1.378836,0.033342753
NGC4593,W1,4068,57587.96543,159.75666,1.3937093,0.026855704
NGC4593,U,4068,57587.96687,79.76802003,1.1598968,0.023754361
NGC4593,B,4068,57587.96785,79.77903998,1.1772961,0.023084777
NGC4593,HX,4068,57587.96916,972.832032,0.845068,0.058077
NGC4593,SX,4068,57587.96916,972.832032,0.991827,0.062979
NGC4593,W2,4068,57587.97024,320.7711,1.4507416,0.0242315
NGC4593,V,4068,57587.97261,79.77902001,1.2407758,0.029335194
NGC4593,M2,4068,57587.97444,226.31828,1.3678838,0.02998683
NGC4593,W1,4069,57588.02912,161.78672,1.423847,0.027181142
NGC4593,U,4069,57588.03057,80.78303999,1.1242601,0.02321562
NGC4593,B,4069,57588.03156,80.72788,1.1331669,0.022474378
NGC4593,HX,4069,57588.03293,990.3840192,0.725497,0.066579
NGC4593,SX,4069,57588.03293,990.3840192,1.245166,0.08721
NGC4593,W2,4069,57588.03398,324.76502,1.4253303,0.023854393
NGC4593,V,4069,57588.03638,80.72785997,1.3466107,0.0308504
NGC4593,M2,4069,57588.03827,237.49462,1.38983995,0.02969839
NGC4593,W1,4070,57588.10287,149.76084,1.4323297,0.028054208
NGC4593,U,4070,57588.10422,74.78112,1.1599673,0.024260953
NGC4593,B,4070,57588.10514,74.7701,1.1940667,0.02383039
NGC4593,HX,4070,57588.1063,912.6580608,0.811779,0.052922
NGC4593,SX,4070,57588.1063,912.6580608,1.12295,0.062285
NGC4593,W2,4070,57588.10738,300.77944,1.4285487,0.02454871
NGC4593,V,4070,57588.10961,74.7701,1.32901,0.031556766
NGC4593,M2,4070,57588.11133,213.26634,1.3677917,0.03068305
NGC4593,W1,4071,57588.16221,165.7696,1.4065071,0.026643633
NGC4593,U,4071,57588.1637,82.77998,1.1453419,0.023271243
NGC4593,B,4071,57588.16471,82.77999997,1.1599774,0.022716757
NGC4593,HX,4071,57588.16613,1012.949971,0.678574,0.045717
NGC4593,SX,4071,57588.16613,1012.949971,1.047602,0.056892
NGC4593,W2,4071,57588.16718,332.76386,1.4086989,0.02341957
NGC4593,V,4071,57588.16965,82.76896,1.36556034,0.030789523
NGC4593,M2,4071,57588.17157,242.11742,1.4311699,0.03006458
NGC4593,U,4072,57588.23496,77.77103996,1.175399,0.024134978
NGC4593,B,4072,57588.23592,77.77103996,1.1524229,0.022848277
NGC4593,HX,4072,57588.23675,877.5580608,0.789486,0.054115
NGC4593,SX,4072,57588.23675,877.5580608,1.106099,0.064001
NGC4593,W2,4072,57588.23824,312.7722,1.4155376,0.02405012
NGC4593,V,4072,57588.24055,77.77105999,1.3247825,0.030957016
NGC4593,M2,4072,57588.24243,238.01316,1.3671554,0.029393314
NGC4593,W1,4073,57588.29555,165.76958,1.417416,0.026931058
NGC4593,U,4073,57588.29704,82.77998,1.2197601,0.02448705
NGC4593,B,4073,57588.29805,82.78000003,1.1535675,0.022650373
NGC4593,HX,4073,57588.29947,1012.949971,0.67138,0.045165
NGC4593,SX,4073,57588.29947,1012.949971,0.942922,0.053508
NGC4593,W2,4073,57588.30053,332.77488,1.475928,0.024214605
NGC4593,V,4073,57588.30299,82.77998,1.2819639,0.029524003
NGC4593,M2,4073,57588.30491,241.30094,1.4252276,0.030030436
NGC4593,U,4074,57588.37645,74.78109998,1.14106155,0.023939682
NGC4593,B,4074,57588.37736,74.7701,1.209634,0.024061458
NGC4593,HX,4074,57588.37852,912.6580608,0.757204,0.050338
NGC4593,SX,4074,57588.37852,912.6580608,1.025739,0.058598
NGC4593,V,4074,57588.38184,74.78112,1.2903742,0.030909217
NGC4593,M2,4074,57588.38355,212.0858,1.3465035,0.03046078
NGC4593,U,4075,57588.4293,85.78094006,1.0969173,0.022320205
NGC4593,B,4075,57588.43035,85.76991999,1.1225476,0.02185057
NGC4593,HX,4075,57588.43188,1055.574029,0.653993,0.048714
NGC4593,SX,4075,57588.43188,1055.574029,1.003156,0.060246
NGC4593,V,4075,57588.43546,85.78094,1.3090352,0.029583362
NGC4593,W1,4076,57588.51365,79.76800001,1.4067353,0.036015727
NGC4593,U,4076,57588.51439,39.77366,1.1322025,0.030605344
NGC4593,B,4076,57588.5149,39.78471994,1.1814161,0.03069211
NGC4593,HX,4076,57588.51502,486.4159296,0.511817,0.049926
NGC4593,SX,4076,57588.51502,486.4159296,0.753584,0.060492
NGC4593,W2,4076,57588.51613,160.7717201,1.4682622,0.031802358
NGC4593,V,4076,57588.51734,39.77366,1.3681157,0.041855373
NGC4593,M2,4076,57588.51821,103.2902,1.4328782,0.04290896
NGC4593,W1,4077,57588.56481,158.77476,1.3896558,0.026898257
NGC4593,U,4077,57588.56624,78.77503997,1.1499568,0.023629257
NGC4593,B,4077,57588.56721,78.77503997,1.1863846,0.023262968
NGC4593,HX,4077,57588.56846,970.3300608,0.508833,0.040616
NGC4593,SX,4077,57588.56846,970.3300608,0.813303,0.051358
NGC4593,V,4077,57588.57192,78.73089999,1.2726152,0.029973894
NGC4593,HX,4078,57588.64875,777.2640768,0.624072,0.055134
NGC4593,SX,4078,57588.64875,777.2640768,0.897918,0.065944
NGC4593,W2,4078,57588.64984,255.77616,1.3951287,0.025635275
NGC4593,M2,4078,57588.65319,178.57884,1.354355,0.03280572
NGC4593,W1,4079,57588.71223,123.7673,1.382805,0.0295183
NGC4593,U,4079,57588.71335,61.77332002,1.1677568,0.026110452
NGC4593,B,4079,57588.71412,61.76227999,1.174336,0.02537374
NGC4593,HX,4079,57588.71478,767.2340736,0.810304,0.063252
NGC4593,SX,4079,57588.71478,767.2340736,1.050775,0.07198
NGC4593,W2,4079,57588.71598,247.7773,1.4213223,0.026222168
NGC4593,V,4079,57588.71782,61.77332002,1.3472111,0.03429546
NGC4593,M2,4079,57588.71921,170.51378,1.4001442,0.034142696
NGC4593,W1,4080,57588.89288,130.7511,1.34135875,0.028390938
NGC4593,U,4080,57588.89406,65.76722002,1.133904,0.025262334
NGC4593,B,4080,57588.89488,65.76722002,1.1554866,0.024832282
NGC4593,HX,4080,57588.8958,807.3499392,0.504654,0.039465
NGC4593,SX,4080,57588.8958,807.3499392,0.746476,0.04798
NGC4593,V,4080,57588.89879,65.76724005,1.31245875,0.032968166
NGC4593,M2,4080,57588.90034,192.2486,1.3879056,0.032328108
NGC4593,U,4081,57588.96365,76.77807999,1.1342478,0.02368976
NGC4593,B,4081,57588.96459,76.76705998,1.1480578,0.023001624
NGC4593,HX,4081,57588.96585,942.7439232,0.667144,0.046911
NGC4593,SX,4081,57588.96585,942.7439232,0.917072,0.055021
NGC4593,V,4081,57588.96916,76.77807999,1.324586,0.031132392
NGC4593,W1,4082,57589.10315,175.76544,1.4176931,0.026211305
NGC4593,U,4082,57589.10472,87.77792001,1.1428247,0.02259972
NGC4593,B,4082,57589.10579,87.76688004,1.1646651,0.021964247
NGC4593,HX,4082,57589.10741,1083.153946,0.738449,0.046363
NGC4593,SX,4082,57589.10741,1083.153946,1.05981,0.055541
NGC4593,W2,4082,57589.1084,351.78466,1.4631086,0.023634938
NGC4593,V,4082,57589.111,87.78893995,1.33564975,0.029717455
NGC4593,M2,4082,57589.1131,266.29058,1.3966325,0.028517026
NGC4593,W1,4083,57589.16351,154.78084,1.4083565,0.027379114
NGC4593,U,4083,57589.1649,77.78207999,1.1531951,0.023808016
NGC4593,B,4083,57589.16586,77.77104002,1.1943498,0.023504484
NGC4593,HX,4083,57589.16717,957.788064,0.713489,0.048078
NGC4593,SX,4083,57589.16717,957.788064,0.839156,0.052206
NGC4593,W2,4083,57589.16818,310.87456,1.4629086,0.024646144
NGC4593,V,4083,57589.17049,77.77104002,1.3442883,0.03129306
NGC4593,M2,4083,57589.17234,230.40046,1.40343415,0.03027285
NGC4593,W1,4084,57589.29403,145.75588,1.3675012,0.027482103
NGC4593,U,4084,57589.29535,72.77314001,1.1471054,0.024365943
NGC4593,B,4084,57589.29624,72.76210004,1.1266927,0.02323837
NGC4593,HX,4084,57589.29739,895.1060736,0.639924,0.047426
NGC4593,SX,4084,57589.29739,895.1060736,0.853843,0.054874
NGC4593,W2,4084,57589.29842,292.76952,1.3854134,0.024235984
NGC4593,V,4084,57589.30059,72.77314001,1.2963589,0.031279632
NGC4593,M2,4084,57589.3023,213.27734,1.3527165,0.03051245
NGC4593,W1,4085,57589.4262,127.7612,1.404586,0.02953581
NGC4593,U,4085,57589.42735,63.88058001,1.1724856,0.02607645
NGC4593,B,4085,57589.42815,63.77025998,1.1430422,0.02482905
NGC4593,HX,4085,57589.42915,807.3499392,0.738302,0.058331
NGC4593,SX,4085,57589.42915,807.3499392,0.946862,0.065918
NGC4593,W2,4085,57589.43006,254.77214,1.4371312,0.026173776
NGC4593,V,4085,57589.43196,63.77026004,1.2544657,0.03233273
NGC4593,M2,4085,57589.43358,207.74984,1.3394174,0.030608854
NGC4593,W1,4086,57589.5647,159.7677,1.4097693,0.027138517
NGC4593,U,4086,57589.56614,79.76800001,1.18053675,0.024006155
NGC4593,B,4086,57589.56712,79.77901995,1.170106,0.02284157
NGC4593,HX,4086,57589.56844,975.3400512,0.482852,0.038819
NGC4593,SX,4086,57589.56844,975.3400512,0.717111,0.047401
NGC4593,W2,4086,57589.5695,318.78514,1.391702,0.02359808
NGC4593,V,4086,57589.57186,79.77904004,1.3323871,0.030833135
NGC4593,M2,4086,57589.57372,231.81266,1.4229855,0.03038497
NGC4593,W1,4087,57589.70873,133.7631,1.4061768,0.028926797
NGC4593,U,4087,57589.70994,66.77122003,1.1835128,0.025598966
NGC4593,B,4087,57589.71077,66.78224003,1.17479955,0.024598914
NGC4593,HX,4087,57589.71168,822.39408,0.548085,0.045437
NGC4593,SX,4087,57589.71168,822.39408,0.641287,0.049154
NGC4593,W2,4087,57589.71276,266.776,1.41387205,0.025416566
NGC4593,V,4087,57589.71475,66.77122003,1.3388438,0.033092026
NGC4593,M2,4087,57589.7163,193.4843,1.3808653,0.03213147
NGC4593,W1,4088,57589.88975,124.7712801,1.4154198,0.030002034
NGC4593,U,4088,57589.89089,62.77732003,1.1756476,0.026405278
NGC4593,B,4088,57589.89167,62.7773,1.1225381,0.02476364
NGC4593,HX,4088,57589.89252,772.2480384,0.594573,0.074593
NGC4593,SX,4088,57589.89252,772.2480384,0.834622,0.088036
NGC4593,W2,4088,57589.89354,249.77428,1.4163349,0.026119328
NGC4593,V,4088,57589.8954,62.77732003,1.3111659,0.033569417
NGC4593,M2,4088,57589.8969,186.23568,1.4430024,0.03351168
NGC4593,W1,4089,57590.02813,175.75438,1.4068722,0.02605933
NGC4593,U,4089,57590.02971,87.77787995,1.1881394,0.023291818
NGC4593,B,4089,57590.03078,87.76686001,1.15829265,0.021902098
NGC4593,HX,4089,57590.0324,1085.660064,0.531863,0.039093
NGC4593,SX,4089,57590.0324,1085.660064,0.795555,0.047831
NGC4593,W2,4089,57590.03339,352.77758,1.4306634,0.023231043
NGC4593,V,4089,57590.036,87.76688004,1.3259838,0.029582938
NGC4593,M2,4089,57590.0381,266.97458,1.4107992,0.02869384
NGC4593,W1,4090,57590.15958,137.77908,1.3982715,0.028547218
NGC4593,U,4090,57590.16083,68.77920002,1.1486979,0.02484966
NGC4593,B,4090,57590.16168,68.76818001,1.1328459,0.023748488
NGC4593,HX,4090,57590.16283,867.525984,0.573029,0.045431
NGC4593,SX,4090,57590.16283,867.525984,0.913479,0.057313
NGC4593,W2,4090,57590.16374,275.77884,1.4813705,0.025937501
NGC4593,V,4090,57590.16579,68.76818001,1.3989463,0.03371439
NGC4593,M2,4090,57590.16752,222.31332,1.39877894,0.030606847
NGC4593,W1,4091,57590.29016,128.7762,1.3985557,0.02936991
NGC4593,U,4091,57590.29133,63.75922,1.14097015,0.025645172
NGC4593,B,4091,57590.29212,63.75922,1.1406027,0.02491363
NGC4593,HX,4091,57590.29306,799.8279552,0.591289,0.052201
NGC4593,SX,4091,57590.29306,799.8279552,1.075743,0.070403
NGC4593,W2,4091,57590.29404,256.78014,1.4017425,0.025680287
NGC4593,V,4091,57590.29595,63.72614002,1.3594738,0.0341365
NGC4593,M2,4091,57590.29752,198.83522,1.4393243,0.03260978
NGC4593,W1,4092,57590.42547,153.76578,1.4430616,0.027942603
NGC4593,U,4092,57590.42686,76.745,1.1372326,0.023710673
NGC4593,B,4092,57590.4278,76.77810001,1.1608912,0.023153765
NGC4593,HX,4092,57590.42906,942.7439232,0.722138,0.051295
NGC4593,SX,4092,57590.42906,942.7439232,1.02859,0.061158
NGC4593,W2,4092,57590.43009,307.77434,1.4676606,0.024812644
NGC4593,V,4092,57590.43237,76.77807999,1.3646994,0.031800007
NGC4593,M2,4092,57590.43417,225.65632,1.4183962,0.030716784
NGC4593,W1,4093,57590.56281,158.76372,1.4168346,0.02721258
NGC4593,U,4093,57590.56424,79.77904004,1.1094436,0.02288177
NGC4593,B,4093,57590.56522,79.77903998,1.1393749,0.02244746
NGC4593,HX,4093,57590.56635,977.8539456,0.668169,0.046161
NGC4593,SX,4093,57590.56635,977.8539456,0.899741,0.053533
NGC4593,W2,4093,57590.56759,318.77418,1.4284692,0.02404183
NGC4593,V,4093,57590.56995,79.77906001,1.3402216,0.030942765
NGC4593,M2,4093,57590.57172,217.58022,1.432597,0.031374429
NGC4593,W1,4094,57590.63503,163.77266,1.4196074,0.026916619
NGC4593,U,4094,57590.6365,81.77599996,1.1718075,0.023621383
NGC4593,B,4094,57590.63751,81.76497996,1.1851017,0.02290034
NGC4593,HX,4094,57590.63842,1005.427987,0.654537,0.050013
NGC4593,SX,4094,57590.63842,1005.427987,0.938985,0.059851
NGC4593,V,4094,57590.64238,81.87532002,1.36647395,0.031030914
NGC4593,W1,4095,57590.88788,107.76954,1.4032829,0.031636887
NGC4593,U,4095,57590.88887,53.77443999,1.18653155,0.028163017
NGC4593,B,4095,57590.88954,53.76340002,1.1142034,0.02619379
NGC4593,HX,4095,57590.89024,687.0040704,0.837919,0.06784
NGC4593,SX,4095,57590.89024,687.0040704,1.105624,0.07785
NGC4593,W2,4095,57590.89117,215.77078,1.4692544,0.028280416
NGC4593,V,4095,57590.89278,53.77443999,1.3201005,0.035944828
NGC4593,M2,4095,57590.89417,178.0492401,1.4545687,0.034325843
NGC4593,W1,4096,57590.95571,159.76768,1.4520034,0.027629503
NGC4593,U,4096,57590.95716,79.77902001,1.1845492,0.024174765
NGC4593,B,4096,57590.95813,79.76800001,1.18107115,0.023197157
NGC4593,HX,4096,57590.95944,972.832032,0.571082,0.047163
NGC4593,SX,4096,57590.95944,972.832032,0.936013,0.060164
NGC4593,W2,4096,57590.96052,319.7781,1.4715522,0.024511413
NGC4593,V,4096,57590.96289,79.76800001,1.381071,0.031611614
NGC4593,M2,4096,57590.96472,226.39546,1.436315,0.030926036
NGC4593,W1,4097,57591.02155,170.72338,1.4321564,0.026692308
NGC4593,U,4097,57591.02308,85.78092003,1.15970804,0.02316819
NGC4593,B,4097,57591.02413,85.76991999,1.1382223,0.021950406
NGC4593,HX,4097,57591.02565,1050.55799,0.60265,0.046878
NGC4593,SX,4097,57591.02565,1050.55799,0.93254,0.058206
NGC4593,W2,4097,57591.02667,342.7707,1.406099,0.023185303
NGC4593,V,4097,57591.02921,85.76990002,1.30846245,0.029581757
NGC4593,M2,4097,57591.03123,253.07306,1.40186375,0.029168424
NGC4593,W1,4098,57591.15407,136.76404,1.3577488,0.028122746
NGC4593,U,4098,57591.15532,68.77920002,1.1722464,0.025375672
NGC4593,B,4098,57591.15617,68.77921999,1.1263943,0.02383061
NGC4593,HX,4098,57591.15728,862.5120192,0.556881,0.045493
NGC4593,SX,4098,57591.15728,862.5120192,0.84054,0.055793
NGC4593,W2,4098,57591.15823,274.78584,1.4226732,0.025300694
NGC4593,V,4098,57591.16027,68.77922004,1.4112957,0.033983317
NGC4593,M2,4098,57591.16198,219.25714,1.4012078,0.030823534
NGC4593,W1,4099,57591.28664,126.77924,1.4207538,0.029857096
NGC4593,U,4099,57591.28779,63.77026004,1.1271844,0.025426563
NGC4593,B,4099,57591.28859,63.77025998,1.1212127,0.02469736
NGC4593,HX,4099,57591.28957,802.3359744,0.526991,0.045428
NGC4593,SX,4099,57591.28957,802.3359744,0.730825,0.053401
NGC4593,W2,4099,57591.2905,254.77214,1.36928695,0.025354785
NGC4593,V,4099,57591.29239,63.78130001,1.2976097,0.033085083
NGC4593,M2,4099,57591.29401,204.98056,1.3778604,0.031333064
NGC4593,W1,4100,57591.41884,149.78288,1.3348424,0.026846447
NGC4593,U,4100,57591.42019,74.77007997,1.1622743,0.02451808
NGC4593,B,4100,57591.42111,74.72596002,1.1536175,0.023555507
NGC4593,HX,4100,57591.42227,912.6580608,0.385004,0.028498
NGC4593,SX,4100,57591.42227,912.6580608,0.521058,0.033159
NGC4593,W2,4100,57591.42334,299.77542,1.3710047,0.023914459
NGC4593,V,4100,57591.42556,74.75905997,1.308484,0.03128137
NGC4593,M2,4100,57591.42729,214.73368,1.3443282,0.03030649
NGC4593,W1,4101,57591.486,128.75416,1.3402916,0.028560098
NGC4593,U,4101,57591.48716,63.77026004,1.1246493,0.025305324
NGC4593,B,4101,57591.48796,63.77030003,1.1049459,0.024242107
NGC4593,HX,4101,57591.48891,802.3359744,0.36924,0.033379
NGC4593,SX,4101,57591.48891,802.3359744,0.495805,0.038692
NGC4593,W2,4101,57591.48988,257.77312,1.3527689,0.02504709
NGC4593,V,4101,57591.4918,63.77025998,1.3279549,0.03361364
NGC4593,M2,4101,57591.49336,197.5444,1.3257591,0.03106299
NGC4593,W1,4102,57591.63191,160.76066,1.3689989,0.026457918
NGC4593,U,4102,57591.63336,80.78303999,1.1660231,0.02362605
NGC4593,B,4102,57591.63435,80.77197999,1.1301002,0.022204995
NGC4593,HX,4102,57591.63573,990.3840192,0.442616,0.033182
NGC4593,SX,4102,57591.63573,990.3840192,0.633716,0.039798
NGC4593,W2,4102,57591.63675,322.77908,1.3602948,0.02313854
NGC4593,V,4102,57591.63914,80.78303999,1.3311889,0.030636038
NGC4593,M2,4102,57591.64104,239.03922,1.3282367,0.02881252
NGC4593,W1,4103,57591.88394,119.77338,1.2970959,0.02881181
NGC4593,U,4103,57591.88503,59.77635998,1.13366805,0.026251867
NGC4593,B,4103,57591.88578,59.77636003,1.10804005,0.02509409
NGC4593,HX,4103,57591.8865,732.132,0.653612,0.052622
NGC4593,SX,4103,57591.8865,732.132,0.770009,0.057034
NGC4593,W2,4103,57591.88758,239.77846,1.3805612,0.026099579
NGC4593,V,4103,57591.88938,59.77637994,1.3177698,0.034494639
NGC4593,M2,4103,57591.89075,168.84782,1.3535092,0.033582702
NGC4593,W1,4104,57592.01686,158.76372,1.4158219,0.027275395
NGC4593,U,4104,57592.01829,79.73492002,1.12885495,0.023446685
NGC4593,B,4104,57592.01927,79.76802003,1.08531145,0.021992023
NGC4593,HX,4104,57592.02056,970.3260864,0.516758,0.040407
NGC4593,SX,4104,57592.02056,970.3260864,0.681049,0.046326
NGC4593,W2,4104,57592.02164,318.78518,1.3589285,0.023248026
NGC4593,V,4104,57592.024,79.76801997,1.3069905,0.030457624
NGC4593,M2,4104,57592.02583,227.23402,1.3390168,0.029552257
NGC4593,W1,4105,57592.1506,133.77414,1.351449,0.028295308
NGC4593,U,4105,57592.15181,66.76020002,1.1017472,0.02452698
NGC4593,B,4105,57592.15263,66.78226,1.1156778,0.023979548
NGC4593,HX,4105,57592.15384,862.5120192,0.626683,0.061606
NGC4593,SX,4105,57592.15384,862.5120192,0.8791,0.073013
NGC4593,W2,4105,57592.15463,266.787,1.34760375,0.024670004
NGC4593,V,4105,57592.15661,66.76018,1.30988995,0.032735386
NGC4593,M2,4105,57592.15841,236.21482,1.2761833,0.02820698
NGC4593,W1,4106,57592.41848,153.76578,1.38112856,0.02712286
NGC4593,U,4106,57592.41986,76.76705998,1.1280554,0.023580098
NGC4593,B,4106,57592.42082,76.77807999,1.0829877,0.022056652
NGC4593,HX,4106,57592.42209,947.7599616,0.574587,0.043623
NGC4593,SX,4106,57592.42209,947.7599616,0.935346,0.05537
NGC4593,W2,4106,57592.4231,306.78136,1.3113887,0.023016418
NGC4593,V,4106,57592.42538,76.77807999,1.32059645,0.031118405
NGC4593,M2,4106,57592.4272,230.13568,1.30957,0.0289983
NGC4593,W1,4107,57592.55773,158.7747,1.3491824,0.02634641
NGC4593,B,4107,57592.56014,79.77902001,1.1016396,0.021920624
NGC4593,HX,4107,57592.56146,972.8339328,0.617648,0.04437
NGC4593,SX,4107,57592.56146,972.8339328,0.730704,0.048203
NGC4593,W2,4107,57592.56251,318.7741,1.3302855,0.022910478
NGC4593,V,4107,57592.56487,79.77903998,1.3246881,0.030723068
NGC4593,M2,4107,57592.56675,235.91688,1.2334575,0.027648042
NGC4593,W1,4108,57592.69815,150.74276,1.3667613,0.027093664
NGC4593,U,4108,57592.69951,75.78509998,1.1431952,0.02381432
NGC4593,B,4108,57592.70044,75.76304001,1.1941038,0.023741383
NGC4593,HX,4108,57592.70134,927.7020288,0.463305,0.030671
NGC4593,SX,4108,57592.70134,927.7020288,0.586196,0.034507
NGC4593,W2,4108,57592.70271,302.77638,1.3773841,0.023866178
NGC4593,V,4108,57592.70496,75.78509998,1.3253343,0.031320306
NGC4593,M2,4108,57592.70657,194.95168,1.3337197,0.031358843
NGC4593,W1,4109,57592.88161,93.75773996,1.3207299,0.03232689
NGC4593,U,4109,57592.88247,46.76854002,1.1442777,0.02910754
NGC4593,B,4109,57592.88307,46.77958,1.0974043,0.027578705
NGC4593,HX,4109,57592.88368,621.8100864,0.400384,0.03551
NGC4593,SX,4109,57592.88368,621.8100864,0.542905,0.041324
NGC4593,W2,4109,57592.8845,187.78026,1.27861,0.027386513
NGC4593,V,4109,57592.88591,46.77956003,1.2648914,0.037257904
NGC4593,M2,4109,57592.88724,174.6842,1.3323948,0.032779998
NGC4593,W1,4110,57593.0136,199.762,1.3453203,0.024158
NGC4593,U,4110,57593.01539,99.77068001,1.087206,0.021039503
NGC4593,B,4110,57593.0166,99.74862003,1.1329016,0.0208524
NGC4593,HX,4110,57593.01847,1213.533965,0.502292,0.039885
NGC4593,SX,4110,57593.01847,1213.533965,0.556038,0.041962
NGC4593,W2,4110,57593.01956,399.77778,1.3256557,0.02113222
NGC4593,V,4110,57593.02251,99.78171998,1.3118247,0.028054885
NGC4593,M2,4110,57593.02479,286.37042,1.36564335,0.02735603
NGC4593,W1,4111,57593.14992,215.77078,1.3280605,0.02326171
NGC4593,U,4111,57593.15185,107.75852,1.1188988,0.020773565
NGC4593,B,4111,57593.15315,107.76954,1.1125025,0.019744609
NGC4593,HX,4111,57593.15533,1321.348032,0.545886,0.035821
NGC4593,SX,4111,57593.15533,1321.348032,0.673861,0.03969
NGC4593,W2,4111,57593.15634,431.77326,1.2693364,0.019993285
NGC4593,V,4111,57593.15952,107.78056,1.2633855,0.026547355
NGC4593,M2,4111,57593.16207,324.6767,1.27350065,0.024939045
NGC4593,W1,4112,57593.27969,141.784,1.3665639,0.027838055
NGC4593,U,4112,57593.28097,70.78722,1.1297591,0.024566362
NGC4593,B,4112,57593.28184,70.77616,1.0962962,0.02336459
NGC4593,HX,4112,57593.28293,872.5420224,0.655353,0.048855
NGC4593,SX,4112,57593.28293,872.5420224,0.717128,0.051195
NGC4593,V,4112,57593.28607,70.76514006,1.30790484,0.03201262
NGC4593,M2,4112,57593.28774,209.6806,1.2851784,0.029757152
NGC4593,W1,4113,57593.4126,149.77184,1.29638266,0.026315085
NGC4593,U,4113,57593.41395,74.78112,1.1278021,0.023945415
NGC4593,B,4113,57593.41487,74.77008003,1.1349178,0.023253447
NGC4593,HX,4113,57593.41604,912.663936,0.687657,0.049539
NGC4593,SX,4113,57593.41604,912.663936,0.85178,0.055035
NGC4593,W2,4113,57593.4171,299.7644,1.3296547,0.023434262
NGC4593,V,4113,57593.41932,74.77008003,1.2865184,0.030932711
NGC4593,W1,4114,57593.55498,145.7669,1.3623473,0.027443208
NGC4593,U,4114,57593.5563,72.76212001,1.11865185,0.02383875
NGC4593,B,4114,57593.55719,72.77314001,1.1236167,0.0230734
NGC4593,HX,4114,57593.55841,907.6420224,0.698513,0.04995
NGC4593,SX,4114,57593.55841,907.6420224,1.11228,0.062936
NGC4593,W2,4114,57593.55937,292.76952,1.2912119,0.023174067
NGC4593,V,4114,57593.56154,72.78415996,1.3137525,0.031701338
NGC4593,M2,4114,57593.56333,227.34432,1.3206447,0.029277104
NGC4593,HX,4115,57593.69829,977.8480704,0.636194,0.047352
NGC4593,SX,4115,57593.69829,977.8480704,0.954383,0.057906
NGC4593,W1,4116,57593.87703,119.77336,1.34857056,0.029546796
NGC4593,U,4116,57593.87812,59.76530004,1.1428771,0.026443633
NGC4593,B,4116,57593.87887,59.77634001,1.0686297,0.024540583
NGC4593,HX,4116,57593.87958,732.132,0.820804,0.071734
NGC4593,SX,4116,57593.87958,732.132,0.949365,0.077235
NGC4593,W2,4116,57593.88068,239.77838,1.3242095,0.02540392
NGC4593,V,4116,57593.88246,59.77636003,1.2695651,0.033729381
NGC4593,M2,4116,57593.88382,166.32122,1.3226075,0.033333738
NGC4593,W1,4117,57594.01082,199.76202,1.37801164,0.02454477
NGC4593,U,4117,57594.01261,99.77067995,1.160417,0.022042091
NGC4593,B,4117,57594.01382,99.78169996,1.1061475,0.020396073
NGC4593,HX,4117,57594.01568,1211.025946,0.650833,0.040967
NGC4593,SX,4117,57594.01568,1211.025946,0.945098,0.049347
NGC4593,W2,4117,57594.01677,399.7778,1.3785623,0.021721993
NGC4593,V,4117,57594.01972,99.77065998,1.311859,0.028058678
NGC4593,M2,4117,57594.02201,287.17582,1.3804467,0.027527136
NGC4593,HX,4118,57594.15261,1193.473958,0.664408,0.041485
NGC4593,SX,4118,57594.15261,1193.473958,0.854865,0.047045
NGC4593,W1,4119,57594.28428,168.77054,1.3885536,0.026240218
NGC4593,U,4119,57594.2858,84.77692002,1.134495,0.02277663
NGC4593,B,4119,57594.28684,84.77693999,1.1267015,0.021798009
NGC4593,HX,4119,57594.28827,1030.500058,0.796972,0.054429
NGC4593,SX,4119,57594.28827,1030.500058,1.146433,0.065283
NGC4593,W2,4119,57594.28935,338.77676,1.40858945,0.023318327
NGC4593,V,4119,57594.29186,84.76591998,1.3493812,0.03042218
NGC4593,M2,4119,57594.2938,241.98498,1.3624533,0.02914069
NGC4593,W1,4120,57594.4093,179.75932,1.3803472,0.025564738
NGC4593,U,4120,57594.41093,89.76381999,1.1553245,0.022832774
NGC4593,B,4120,57594.41202,89.77484,1.1659409,0.022114474
NGC4593,HX,4120,57594.41361,1093.182048,0.870273,0.055241
NGC4593,SX,4120,57594.41361,1093.182048,1.276347,0.066866
NGC4593,W2,4120,57594.4147,359.7724,1.4339451,0.02313592
NGC4593,V,4120,57594.41736,89.77484,1.3472787,0.029767485
NGC4593,M2,4120,57594.41941,255.99678,1.3637136,0.028536363
NGC4593,W1,4121,57594.55101,155.77374,1.41989505,0.027475512
NGC4593,U,4121,57594.55241,77.77102,1.1799508,0.024217265
NGC4593,B,4121,57594.55337,77.77102,1.1281202,0.022564767
NGC4593,HX,4121,57594.55467,957.788064,0.780382,0.055577
NGC4593,SX,4121,57594.55467,957.788064,1.119113,0.066473
NGC4593,W2,4121,57594.55571,312.7832,1.4568721,0.024541
NGC4593,V,4121,57594.55802,77.73793995,1.3506381,0.031481846
NGC4593,M2,4121,57594.55985,228.88888,1.3880314,0.030143356
NGC4593,W1,4122,57594.87423,119.77336,1.4243084,0.03060169
NGC4593,U,4122,57594.87532,59.77635998,1.1735903,0.026918037
NGC4593,B,4122,57594.87607,59.77631998,1.1371323,0.025638615
NGC4593,HX,4122,57594.87679,732.132,0.904314,0.075839
NGC4593,SX,4122,57594.87679,732.132,1.156346,0.085705
NGC4593,W2,4122,57594.87787,239.77842,1.3766945,0.026052317
NGC4593,V,4122,57594.87965,59.77635998,1.2976499,0.03419714
NGC4593,M2,4122,57594.88103,168.75952,1.3465405,0.03350543
NGC4593,B,4123,57594.94395,89.77486002,1.1448284,0.021814145
NGC4593,HX,4123,57594.94553,1093.182048,0.776966,0.046818
NGC4593,SX,4123,57594.94553,1093.182048,0.950655,0.051853
NGC4593,U,4124,57595.01043,86.77389997,1.14033394,0.022781372
NGC4593,B,4124,57595.01149,86.77389997,1.12044985,0.021649098
NGC4593,HX,4124,57595.01305,1068.109978,0.664295,0.053148
NGC4593,SX,4124,57595.01305,1068.109978,1.068019,0.06727
NGC4593,V,4124,57595.01663,86.77388,1.3093666,0.029541823
NGC4593,W1,4125,57595.07376,148.86716,1.34715245,0.02708429
NGC4593,U,4125,57595.0751,74.78112,1.1640175,0.024573111
NGC4593,B,4125,57595.07602,74.78112,1.1530075,0.023629223
NGC4593,HX,4125,57595.07716,907.6420224,0.690458,0.055001
NGC4593,SX,4125,57595.07716,907.6420224,0.881848,0.062085
NGC4593,W2,4125,57595.07824,297.77846,1.4031316,0.02436194
NGC4593,V,4125,57595.08045,74.77007997,1.3322007,0.0317274
NGC4593,M2,4125,57595.08216,212.2513,1.3528086,0.030563267
NGC4593,W1,4126,57595.27326,145.7338,1.3928536,0.02788502
NGC4593,U,4126,57595.27458,72.78416002,1.13728784,0.024384485
NGC4593,B,4126,57595.27547,72.77312005,1.1092339,0.023200516
NGC4593,HX,4126,57595.27658,892.5980544,0.57328,0.044384
NGC4593,SX,4126,57595.27658,892.5980544,0.752175,0.05083
NGC4593,W2,4126,57595.27764,290.77256,1.38615595,0.024348976
NGC4593,V,4126,57595.2798,72.77313995,1.3444467,0.03222717
NGC4593,M2,4126,57595.28149,208.51112,1.4071342,0.03156542
NGC4593,W1,4127,57595.40665,126.76822,1.3273865,0.028579778
NGC4593,U,4127,57595.40779,62.7773,1.1340358,0.025684225
NGC4593,B,4127,57595.40859,62.7773,1.0815864,0.024113225
NGC4593,HX,4127,57595.40965,814.8719232,0.573436,0.046609
NGC4593,SX,4127,57595.40965,814.8719232,0.724853,0.052435
NGC4593,W2,4127,57595.41049,253.77916,1.3620458,0.025315035
NGC4593,V,4127,57595.41238,62.76628,1.3009823,0.033473059
NGC4593,M2,4127,57595.41406,220.11774,1.309618,0.029502904
NGC4593,W1,4128,57595.47715,157.77072,1.3769129,0.026764934
NGC4593,U,4128,57595.47857,78.78608,1.1311707,0.02332132
NGC4593,B,4128,57595.47954,78.76402003,1.1553479,0.022865877
NGC4593,HX,4128,57595.48091,977.8480704,0.549408,0.046245
NGC4593,SX,4128,57595.48091,977.8480704,0.860126,0.057915
NGC4593,W2,4128,57595.48189,315.77314,1.3397878,0.023078598
NGC4593,V,4128,57595.48423,78.77504003,1.339289,0.031109548
NGC4593,M2,4128,57595.48615,244.31294,1.3465965,0.028824806
NGC4593,W1,4129,57595.61764,159.76768,1.3439742,0.026193642
NGC4593,U,4129,57595.61908,79.77902001,1.1287896,0.023164374
NGC4593,B,4129,57595.62006,79.77906001,1.1408797,0.02253947
NGC4593,HX,4129,57595.62119,980.3619648,0.32061,0.024865
NGC4593,SX,4129,57595.62119,980.3619648,0.462005,0.029765
NGC4593,W2,4129,57595.62244,319.7781,1.3484431,0.023068773
NGC4593,V,4129,57595.62481,79.76802003,1.3169582,0.030628648
NGC4593,M2,4129,57595.62658,217.86704,1.25911016,0.028922191
NGC4593,W1,4130,57595.7564,123.75624,1.26721245,0.02796734
NGC4593,U,4130,57595.75753,61.77331996,1.0964862,0.025020572
NGC4593,B,4130,57595.75829,61.77329999,1.1476225,0.025096437
NGC4593,HX,4130,57595.75919,774.7560576,0.343885,0.029
NGC4593,SX,4130,57595.75919,774.7560576,0.415558,0.03187
NGC4593,W2,4130,57595.76015,247.77728,1.2232033,0.023826685
NGC4593,V,4130,57595.76199,61.77332002,1.30115535,0.033718113
NGC4593,M2,4130,57595.76352,193.80426,1.2460869,0.030144873
NGC4593,HX,4131,57595.94214,932.7159936,0.38412,0.039235
NGC4593,SX,4131,57595.94214,932.7159936,0.694765,0.052847
NGC4593,W1,4132,57596.07122,164.76558,1.3016094,0.025454256
NGC4593,U,4132,57596.07271,82.78000003,1.0920406,0.022547138
NGC4593,B,4132,57596.07372,82.77998,1.09770845,0.021804108
NGC4593,HX,4132,57596.07482,955.2819456,0.457864,0.030915
NGC4593,SX,4132,57596.07482,955.2819456,0.683328,0.037812
NGC4593,W2,4132,57596.07618,330.77792,1.2625432,0.021852288
NGC4593,V,4132,57596.07863,82.72483999,1.2804248,0.029724334
NGC4593,M2,4132,57596.08023,185.92674,1.2228443,0.030289464
NGC4593,W1,4133,57596.20384,154.75874,1.3001734,0.025997315
NGC4593,U,4133,57596.20524,77.78206003,1.0752065,0.02270002
NGC4593,B,4133,57596.2062,77.77102005,1.1251578,0.022709536
NGC4593,HX,4133,57596.20748,952.7739264,0.396662,0.028773
NGC4593,SX,4133,57596.20748,952.7739264,0.589079,0.035069
NGC4593,W2,4133,57596.20852,310.7642,1.30792365,0.022846856
NGC4593,V,4133,57596.21082,77.72691995,1.3213338,0.03101589
NGC4593,M2,4133,57596.21264,226.7706,1.2600056,0.028470471
NGC4593,W1,4134,57596.33703,158.77474,1.31332255,0.02592144
NGC4593,U,4134,57596.33846,78.76398003,1.09593536,0.022958542
NGC4593,B,4134,57596.33943,78.77504003,1.1443289,0.022958307
NGC4593,HX,4134,57596.34073,967.8180672,0.646143,0.049942
NGC4593,SX,4134,57596.34073,967.8180672,0.895057,0.058807
NGC4593,V,4134,57596.34414,78.77503997,1.2111922,0.029137494
NGC4593,W1,4135,57596.47827,163.78366,1.2769688,0.025134999
NGC4593,U,4135,57596.47975,81.77600002,1.0912311,0.022446426
NGC4593,B,4135,57596.48075,81.77598,1.152069,0.022511235
NGC4593,HX,4135,57596.48209,992.8899648,0.663529,0.047074
NGC4593,SX,4135,57596.48209,992.8899648,1.097397,0.060457
NGC4593,W2,4135,57596.48319,328.76994,1.2740172,0.022028106
NGC4593,V,4135,57596.48562,81.76496005,1.27496865,0.029753528
NGC4593,M2,4135,57596.48754,242.64698,1.2664728,0.027781722
NGC4593,W1,4136,57596.61417,156.7557001,1.287522,0.025637996
NGC4593,U,4136,57596.61557,77.78205997,1.1656372,0.023937233
NGC4593,B,4136,57596.61653,77.78207999,1.1539235,0.022956316
NGC4593,HX,4136,57596.61783,960.2960832,0.526624,0.045619
NGC4593,SX,4136,57596.61783,960.2960832,0.678158,0.051691
NGC4593,W2,4136,57596.61886,313.77616,1.265321,0.022236672
NGC4593,V,4136,57596.62118,77.77104002,1.3228761,0.03101634
NGC4593,M2,4136,57596.62302,231.8347,1.2597423,0.028211015
NGC4593,U,4137,57596.75416,71.76911998,1.0660277,0.02310419
NGC4593,B,4137,57596.75504,71.78016001,1.0819202,0.0226271
NGC4593,HX,4137,57596.75578,885.0840192,0.551389,0.04477
NGC4593,SX,4137,57596.75578,885.0840192,0.774556,0.053078
NGC4593,W2,4137,57596.75718,286.7676,1.3072412,0.02352146
NGC4593,V,4137,57596.75932,71.76914001,1.248273,0.030861778
NGC4593,M2,4137,57596.76082,180.24476,1.2516171,0.03116567
NGC4593,W1,4138,57596.93743,139.77604,1.3212627,0.02736325
NGC4593,U,4138,57596.93869,69.77217996,1.1033217,0.024088908
NGC4593,B,4138,57596.93957,69.76113999,1.1152515,0.02351055
NGC4593,HX,4138,57596.94063,862.5120192,0.58681,0.050695
NGC4593,SX,4138,57596.94063,862.5120192,0.628074,0.05242
NGC4593,W2,4138,57596.94166,279.78374,1.229219,0.022820582
NGC4593,V,4138,57596.94374,69.77217996,1.290549,0.031971166
NGC4593,M2,4138,57596.94539,207.08786,1.207432,0.028794274
NGC4593,HX,4139,57597.01835,990.3840192,0.440291,0.029379
NGC4593,SX,4139,57597.01835,990.3840192,0.6199,0.034866
NGC4593,W1,4140,57597.13375,144.76292,1.305633,0.02680877
NGC4593,U,4140,57597.13505,71.78016001,1.0880247,0.023775603
NGC4593,B,4140,57597.13594,71.76911998,1.108702,0.023471886
NGC4593,HX,4140,57597.13703,882.569952,0.342337,0.027529
NGC4593,SX,4140,57597.13703,882.569952,0.382806,0.029076
NGC4593,W2,4140,57597.13809,289.77962,1.2425329,0.022688625
NGC4593,V,4140,57597.14025,71.76911998,1.3640657,0.032850333
NGC4593,M2,4140,57597.14192,206.96656,1.1999938,0.02867682
NGC4593,W1,4141,57597.26709,165.76964,1.29064265,0.025203127
NGC4593,U,4141,57597.26858,82.77999997,1.10836015,0.022740394
NGC4593,B,4141,57597.2696,82.77998,1.0916958,0.021713772
NGC4593,HX,4141,57597.26977,797.3220096,0.382016,0.042481
NGC4593,SX,4141,57597.26977,797.3220096,0.538778,0.050552
NGC4593,W2,4141,57597.27205,330.77798,1.26458385,0.02184501
NGC4593,V,4141,57597.2745,82.78002,1.2875744,0.029767475
NGC4593,M2,4141,57597.2752,29.17104,1.24479886,0.0718854
NGC4593,B,4142,57597.40317,73.77712005,1.088276,0.022707632
NGC4593,HX,4142,57597.40429,900.1260864,0.465144,0.046369
NGC4593,SX,4142,57597.40429,900.1260864,0.643417,0.054426
NGC4593,W1,4143,57597.4701,106.76556,1.2808628,0.029946154
NGC4593,U,4143,57597.47107,52.77046001,1.1044028,0.026841386
NGC4593,B,4143,57597.47174,52.77043998,1.1894975,0.027627253
NGC4593,HX,4143,57597.47233,661.9280256,0.449645,0.045868
NGC4593,SX,4143,57597.47233,661.9280256,0.670022,0.055958
NGC4593,W2,4143,57597.47334,213.77382,1.2260401,0.025279243
NGC4593,V,4143,57597.47494,52.71528,1.367125,0.037258748
NGC4593,M2,4143,57597.47622,159.8339,1.2134881,0.032207806
NGC4593,W1,4144,57597.61069,156.77776,1.3128696,0.025970218
NGC4593,U,4144,57597.6121,77.78205997,1.0973152,0.022869583
NGC4593,B,4144,57597.61305,77.75999999,1.1553664,0.023000243
NGC4593,HX,4144,57597.61436,960.2960832,0.503799,0.032366
NGC4593,SX,4144,57597.61436,960.2960832,0.652709,0.036833
NGC4593,W2,4144,57597.61539,313.77618,1.2700914,0.022287086
NGC4593,V,4144,57597.61771,77.78206003,1.3039791,0.03073605
NGC4593,M2,4144,57597.61955,232.34222,1.2293345,0.02776162
NGC4593,HX,4145,57598.02123,373.5880704,0.22013,0.047874
NGC4593,SX,4145,57598.02123,373.5880704,0.587944,0.07778
NGC4593,U,4145,57598.02146,46.76855999,1.031236,0.026798547
NGC4593,B,4145,57598.02205,46.76855999,1.0662151,0.02683858
NGC4593,U,4146,57598.14797,91.77183998,1.0161407,0.020420219
NGC4593,B,4146,57598.14909,91.7608,1.0860334,0.02064367
NGC4593,HX,4146,57598.15016,1015.455917,0.291349,0.024158
NGC4593,SX,4146,57598.15016,1015.455917,0.281663,0.023754
NGC4593,V,4146,57598.15453,91.77183998,1.2661841,0.028356122
NGC4593,W1,4147,57598.26494,153.77684,1.19848335,0.024763077
NGC4593,U,4147,57598.26633,76.77810001,1.0531931,0.022557223
NGC4593,HX,4147,57598.26718,712.0740672,0.281263,0.02754
NGC4593,SX,4147,57598.26718,712.0740672,0.313347,0.029143
NGC4593,B,4147,57598.26727,76.76705998,1.0574307,0.021858915
NGC4593,W2,4147,57598.26957,307.77434,1.132101,0.020873584
NGC4593,V,4147,57598.27184,76.06096005,1.2941774,0.031020086
NGC4593,W1,4148,57598.39891,173.75746,1.2455741,0.02418548
NGC4593,U,4148,57598.40047,86.77392,1.021316,0.020991992
NGC4593,B,4148,57598.40153,86.77392,1.0750896,0.021027283
NGC4593,HX,4148,57598.40251,967.8180672,0.282409,0.033381
NGC4593,SX,4148,57598.40251,967.8180672,0.391397,0.039168
NGC4593,W2,4148,57598.40411,347.77972,1.1278537,0.019901726
NGC4593,V,4148,57598.40668,86.76288003,1.2440446,0.028635937
NGC4593,M2,4148,57598.40816,160.0656,1.082371,0.03006453
NGC4593,W1,4149,57598.53778,183.7753201,1.19424005,0.022987667
NGC4593,U,4149,57598.53942,91.78285998,1.0519547,0.020954695
NGC4593,B,4149,57598.54054,91.78284001,1.0746342,0.020499202
NGC4593,HX,4149,57598.54137,975.3400512,0.293076,0.024157
NGC4593,SX,4149,57598.54137,975.3400512,0.432279,0.029435
NGC4593,W2,4149,57598.54327,367.77132,1.1236461,0.019444723
NGC4593,V,4149,57598.54599,91.78285998,1.2950702,0.028799763
NGC4593,M2,4149,57598.54728,120.63392,1.1205448,0.034758444
NGC4593,W1,4150,57598.67647,173.77948,1.1830636,0.023339334
NGC4593,U,4150,57598.67803,86.76286,1.0503557,0.021317134
NGC4593,B,4150,57598.67909,86.77389997,1.06477894,0.020794603
NGC4593,HX,4150,57598.6802,987.876,0.367739,0.03382
NGC4593,SX,4150,57598.6802,987.876,0.500306,0.039349
NGC4593,W2,4150,57598.68166,347.7576,1.1114425,0.019682059
NGC4593,V,4150,57598.68424,86.77392,1.2821267,0.029203425
NGC4593,M2,4150,57598.68583,180.73024,1.1071855,0.028920677
NGC4593,W1,4151,57598.81435,123.75626,1.1951341,0.026924557
NGC4593,U,4151,57598.81548,61.76227999,1.0162239,0.02366591
NGC4593,B,4151,57598.81627,61.78434002,1.1013989,0.02441847
NGC4593,HX,4151,57598.81643,722.1019968,0.397161,0.032656
NGC4593,SX,4151,57598.81643,722.1019968,0.542715,0.038211
NGC4593,W2,4151,57598.81814,247.7773,1.1135777,0.022419173
NGC4593,V,4151,57598.81998,61.77332002,1.2235964,0.032458408
NGC4593,M2,4151,57598.82099,103.51086,1.1267234,0.037379649
NGC4593,W1,4152,57598.92892,183.75326,1.2007398,0.02312151
NGC4593,U,4152,57598.93057,91.77182001,1.0306501,0.020788846
NGC4593,B,4152,57598.93169,91.78286004,1.1119172,0.021185133
NGC4593,HX,4152,57598.93242,957.788064,0.50779,0.040919
NGC4593,SX,4152,57598.93242,957.788064,0.735499,0.049238
NGC4593,W1,4153,57599.01532,103.77562,1.2522093,0.02988613
NGC4593,U,4153,57599.01627,51.76646,1.01354675,0.02545493
NGC4593,HX,4153,57599.01683,534.053952,0.483667,0.04187
NGC4593,SX,4153,57599.01683,534.053952,0.552928,0.04459
NGC4593,B,4153,57599.01692,51.77752,1.1312078,0.026847556
NGC4593,W2,4153,57599.01849,207.76092,1.1154132,0.024120785
NGC4593,V,4153,57599.02004,51.76646,1.3689901,0.037701916
NGC4593,M2,4153,57599.02065,42.67534006,1.1428727,0.057079295
NGC4593,W1,4154,57599.26037,123.77834,1.2248642,0.02745681
NGC4593,U,4154,57599.2615,61.76229995,1.0298103,0.024215277
NGC4593,B,4154,57599.26227,61.77331996,1.070298,0.024296545
NGC4593,HX,4154,57599.26256,671.9559552,0.578702,0.045883
NGC4593,SX,4154,57599.26256,671.9559552,0.852583,0.055605
NGC4593,W2,4154,57599.26412,247.7553,1.161707,0.023080208
NGC4593,V,4154,57599.26597,61.76227999,1.2163692,0.032422158
NGC4593,M2,4154,57599.2669,89.75282001,1.2217481,0.041784156
NGC4593,U,4155,57599.32762,66.78227997,1.0262792,0.023469705
NGC4593,HX,4155,57599.32888,732.132,0.64256,0.052823
NGC4593,SX,4155,57599.32888,732.132,0.829807,0.060138
NGC4593,V,4155,57599.33244,66.77122003,1.2785853,0.03244558
NGC4593,W1,4156,57599.39349,133.76312,1.2328672,0.026678901
NGC4593,U,4156,57599.3947,66.77124,1.0879624,0.02441136
NGC4593,B,4156,57599.39553,66.77124,1.0876176,0.023778298
NGC4593,HX,4156,57599.39575,694.52208,0.666926,0.054564
NGC4593,SX,4156,57599.39575,694.52208,0.971232,0.065677
NGC4593,W2,4156,57599.39753,267.76896,1.140676,0.022127574
NGC4593,V,4156,57599.39952,66.77124,1.2789798,0.032450152
NGC4593,M2,4156,57599.40036,68.70197999,1.1819386,0.04641023
NGC4593,W1,4157,57599.46416,183.7643,1.1603401,0.022568182
NGC4593,U,4157,57599.46581,91.77182001,1.0287407,0.020615008
NGC4593,B,4157,57599.46692,91.77183998,1.0803396,0.020597217
NGC4593,HX,4157,57599.46776,975.3400512,0.570768,0.042016
NGC4593,SX,4157,57599.46776,975.3400512,0.740822,0.047911
NGC4593,W2,4157,57599.46965,367.77132,1.1514325,0.0197648
NGC4593,V,4157,57599.47236,91.77182001,1.2995056,0.028876584
NGC4593,M2,4157,57599.47365,122.7964,1.1353253,0.034758953
NGC4593,W1,4158,57599.67249,173.76844,1.2153798,0.02374794
NGC4593,U,4158,57599.67405,86.77389997,1.0865068,0.021864107
NGC4593,B,4158,57599.67511,86.78494,1.085891,0.021107704
NGC4593,HX,4158,57599.67588,1007.933933,0.40523,0.039044
NGC4593,SX,4158,57599.67588,1007.933933,0.484293,0.042732
NGC4593,W2,4158,57599.67769,347.7686,1.1727653,0.020396
NGC4593,V,4158,57599.68026,86.77390003,1.30699284,0.029600935
NGC4593,M2,4158,57599.68176,163.02238,1.1235626,0.030490965
NGC4593,W1,4159,57599.81069,123.7673,1.1667544,0.026546595
NGC4593,HX,4159,57599.81295,724.610016,0.350665,0.034538
NGC4593,SX,4159,57599.81295,724.610016,0.433887,0.038449
NGC4593,W1,4160,57600.05795,169.77458,1.1330739,0.022992646
NGC4593,U,4160,57600.05948,84.72179997,0.9650651,0.020476561
NGC4593,B,4160,57600.06051,84.76593995,1.0295992,0.02081359
NGC4593,HX,4160,57600.06201,1007.933933,0.300314,0.02526
NGC4593,SX,4160,57600.06201,1007.933933,0.385811,0.02871
NGC4593,W2,4160,57600.06304,340.77382,1.07116235,0.019383387
NGC4593,V,4160,57600.06555,84.77696002,1.2635626,0.029233211
NGC4593,M2,4160,57600.06746,233.95306,1.1118669,0.025995746
NGC4593,W1,4161,57600.25757,79.61353999,1.06544564,0.030531292
NGC4593,W1,4162,57600.32366,140.38286,1.09160465,0.024242737
NGC4593,W1,4163,57600.73797,163.77262,1.1010791,0.022816632
NGC4593,U,4163,57600.73945,81.77598,0.9999451,0.021044127
NGC4593,B,4163,57600.74045,81.77600002,1.0465117,0.021069869
NGC4593,HX,4163,57600.74179,1017.963936,0.385159,0.03827
NGC4593,SX,4163,57600.74179,1017.963936,0.485039,0.042943
NGC4593,W2,4163,57600.74289,327.77696,1.0178741,0.01901574
NGC4593,V,4163,57600.74532,81.77598,1.249136,0.029429723
NGC4593,M2,4163,57600.74726,244.45638,1.0237654,0.024303038
NGC4593,W1,4164,57600.85483,118.75832,1.0798292,0.025812921
NGC4593,U,4164,57600.85591,58.7834,0.9588008,0.023513735
NGC4593,B,4164,57600.85664,58.72821999,1.048089,0.02454004
NGC4593,HX,4164,57600.85736,727.119936,0.303201,0.029031
NGC4593,SX,4164,57600.85736,727.119936,0.323566,0.030856
NGC4593,W2,4164,57600.85842,237.78144,1.0207784,0.021625085
NGC4593,V,4164,57600.86019,58.77234,1.2496817,0.033787753
NGC4593,M2,4164,57600.86157,171.21984,1.0587067,0.02884606
NGC4593,W1,4165,57601.00453,158.77474,1.1035221,0.023126546
NGC4593,U,4165,57601.00596,79.76801997,0.9713954,0.02080833
NGC4593,B,4165,57601.00694,79.77903998,1.0707225,0.02164655
NGC4593,HX,4165,57601.00859,876.0719808,0.240974,0.021802
NGC4593,SX,4165,57601.00859,876.0719808,0.257956,0.022559
NGC4593,W2,4165,57601.00931,318.77416,1.0041272,0.019049326
NGC4593,V,4165,57601.01167,79.77901995,1.280724,0.03025062
NGC4593,M2,4165,57601.01341,212.63746,1.0002377,0.02540597
NGC4593,W1,4166,57601.12102,149.76084,1.0719483,0.02333383
NGC4593,U,4166,57601.12237,74.75906003,0.9373462,0.021017607
NGC4593,B,4166,57601.12329,74.78114003,1.024269,0.021772067
NGC4593,HX,4166,57601.1244,905.141952,0.269475,0.023378
NGC4593,SX,4166,57601.1244,905.141952,0.273642,0.02345
NGC4593,W2,4166,57601.12553,300.77948,0.9813699,0.019223797
NGC4593,V,4166,57601.12776,74.78113997,1.2232448,0.030130225
NGC4593,M2,4166,57601.12943,204.87028,0.984137,0.025549537
NGC4593,W1,4167,57601.25419,147.77494,1.06312715,0.02334906
NGC4593,U,4167,57601.25552,73.76609999,0.9359227,0.02111567
NGC4593,B,4167,57601.25643,73.77711999,1.0099381,0.021646753
NGC4593,HX,4167,57601.25766,917.6739264,0.276615,0.023985
NGC4593,SX,4167,57601.25766,917.6739264,0.383394,0.028307
NGC4593,V,4167,57601.26082,73.76609999,1.1972275,0.02988443
NGC4593,U,4168,57601.38855,77.80416,0.9184366,0.020380853
NGC4593,B,4168,57601.3895,77.77104002,1.0200805,0.021381474
NGC4593,HX,4168,57601.39009,837.438048,0.33969,0.028187
NGC4593,SX,4168,57601.39009,837.438048,0.372381,0.029527
NGC4593,V,4168,57601.39416,77.77105999,1.2505953,0.030107971
NGC4593,W1,4169,57601.5271,160.7717,1.0631084,0.02247746
NGC4593,U,4169,57601.52855,79.77903998,0.980976,0.020973518
NGC4593,B,4169,57601.52952,79.76800001,1.071309,0.021675829
NGC4593,HX,4169,57601.53089,985.3679808,0.264454,0.022658
NGC4593,SX,4169,57601.53089,985.3679808,0.340044,0.025755
NGC4593,W2,4169,57601.53191,321.77506,0.9690601,0.01855257
NGC4593,V,4169,57601.53429,79.77902001,1.2656523,0.030045148
NGC4593,M2,4169,57601.53618,237.57184,0.9724821,0.023835669
NGC4593,W1,4170,57601.66539,158.77472,1.0429584,0.022268536
NGC4593,U,4170,57601.66683,79.76800001,0.9270712,0.020042136
NGC4593,B,4170,57601.6678,79.77902001,1.0578244,0.021423312
NGC4593,HX,4170,57601.66914,975.341952,0.251163,0.022324
NGC4593,SX,4170,57601.66914,975.341952,0.37231,0.027
NGC4593,W2,4170,57601.67017,318.77412,0.971313,0.018595998
NGC4593,V,4170,57601.67253,79.76800001,1.2437471,0.029600448
NGC4593,M2,4170,57601.6744,233.79858,0.9839008,0.02416593
NGC4593,W1,4171,57601.80282,138.78306,1.0689878,0.02395133
NGC4593,U,4171,57601.80409,69.73908001,0.94613496,0.021481039
NGC4593,B,4171,57601.80495,69.77218002,1.080133,0.022994112
NGC4593,HX,4171,57601.80594,854.9900352,0.280988,0.025127
NGC4593,SX,4171,57601.80594,854.9900352,0.3574,0.028212
NGC4593,W2,4171,57601.80704,278.77978,0.9280301,0.019101676
NGC4593,V,4171,57601.80911,69.77215999,1.2585466,0.031554325
NGC4593,M2,4171,57601.81072,198.5153,0.9803085,0.025846252
NGC4593,W1,4172,57601.91961,159.7677,1.10862425,0.023211127
NGC4593,U,4172,57601.92105,79.76800001,0.8732253,0.01942467
NGC4593,B,4172,57601.92203,79.77903998,0.9940162,0.02067241
NGC4593,HX,4172,57601.92333,972.832032,0.384243,0.028829
NGC4593,SX,4172,57601.92333,972.832032,0.487786,0.032526
NGC4593,W2,4172,57601.92442,320.77108,0.9244033,0.018040137
NGC4593,V,4172,57601.92679,79.76800001,1.2331777,0.029522685
NGC4593,M2,4172,57601.92861,226.11966,0.9532667,0.024036905
NGC4593,U,4173,57602.00391,61.77332002,0.9047127,0.021900479
NGC4593,B,4173,57602.00468,61.77332002,1.0124646,0.023114857
NGC4593,HX,4173,57602.00617,698.0580864,0.418145,0.044649
NGC4593,SX,4173,57602.00617,698.0580864,0.512094,0.049442
NGC4593,V,4173,57602.00838,61.75125998,1.2348647,0.032826526
NGC4593,W1,4174,57602.13309,153.77684,1.08938,0.023257878
NGC4593,U,4174,57602.13448,76.82222003,0.9310937,0.020495795
NGC4593,B,4174,57602.13542,76.76704001,1.0814299,0.022171588
NGC4593,HX,4174,57602.13668,942.7439232,0.545877,0.046686
NGC4593,SX,4174,57602.13668,942.7439232,0.750293,0.054885
NGC4593,W2,4174,57602.13771,308.76728,0.9812604,0.019014069
NGC4593,V,4174,57602.14,76.77807999,1.2597234,0.030412096
NGC4593,M2,4174,57602.1418,226.68238,1.02369454,0.025082387
NGC4593,W1,4175,57602.31691,168.77058,1.1091025,0.022731228
NGC4593,U,4175,57602.31843,83.77296001,0.92735615,0.020002848
NGC4593,B,4175,57602.31945,83.78400004,1.0503034,0.02124595
NGC4593,HX,4175,57602.32091,1030.500058,0.56058,0.04566
NGC4593,SX,4175,57602.32091,1030.500058,0.81437,0.055115
NGC4593,W2,4175,57602.32195,337.77282,0.9893566,0.018483556
NGC4593,V,4175,57602.32445,83.75092,1.3030139,0.030072912
NGC4593,M2,4175,57602.32641,246.83952,1.00966116,0.024000292
NGC4593,W1,4176,57602.45346,159.7677,1.05624305,0.022483023
NGC4593,U,4176,57602.4549,79.76804,0.9226698,0.020139133
NGC4593,B,4176,57602.45588,79.76801997,1.0417293,0.021303877
NGC4593,HX,4176,57602.45726,987.876,0.469585,0.030473
NGC4593,SX,4176,57602.45726,987.876,0.52957,0.032418
NGC4593,W2,4176,57602.45826,319.77812,0.9862866,0.018826193
NGC4593,V,4176,57602.46063,79.77903998,1.2534646,0.029882454
NGC4593,M2,4176,57602.46254,242.83454,0.955542,0.023367286
NGC4593,W1,4177,57602.592,155.76274,1.1160946,0.02346921
NGC4593,U,4177,57602.5934,77.78206003,0.9629337,0.020855333
NGC4593,B,4177,57602.59436,77.78207999,1.02072264,0.02115317
NGC4593,HX,4177,57602.59564,955.2819456,0.453156,0.030395
NGC4593,SX,4177,57602.59564,955.2819456,0.601726,0.034949
NGC4593,W2,4177,57602.59668,311.77924,1.0134479,0.019307023
NGC4593,V,4177,57602.599,77.77103996,1.2505272,0.030097857
NGC4593,M2,4177,57602.60082,228.11662,1.0237127,0.025017462
NGC4593,W1,4178,57602.73051,160.76068,1.0988861,0.022948028
NGC4593,U,4178,57602.73196,80.77197999,0.9694322,0.02067049
NGC4593,B,4178,57602.73295,80.77197999,1.0603147,0.02142619
NGC4593,HX,4178,57602.73432,990.3840192,0.433443,0.029297
NGC4593,SX,4178,57602.73432,990.3840192,0.641031,0.035634
NGC4593,W2,4178,57602.73535,322.77906,1.0162459,0.01909303
NGC4593,V,4178,57602.73775,80.87129998,1.27472165,0.030032548
NGC4593,M2,4178,57602.73965,238.77442,0.9936523,0.024108008
NGC4593,W1,4179,57602.84874,148.76786,1.1333459,0.02422562
NGC4593,U,4179,57602.85008,73.77713996,0.98249384,0.021874605
NGC4593,B,4179,57602.85099,73.72197998,1.05710694,0.022485874
NGC4593,HX,4179,57602.85215,910.1500416,0.431514,0.034321
NGC4593,SX,4179,57602.85215,910.1500416,0.624212,0.041191
NGC4593,W2,4179,57602.8532,297.77846,1.0660164,0.020337609
NGC4593,V,4179,57602.85541,73.76609999,1.3009863,0.031655633
NGC4593,M2,4179,57602.85714,216.91824,0.9897007,0.025065015
NGC4593,W1,4180,57602.98275,149.76082,1.0335239,0.022808355
NGC4593,U,4180,57602.9841,74.78113997,0.9206541,0.020695343
NGC4593,B,4180,57602.98502,74.78113997,1.029879,0.021795316
NGC4593,HX,4180,57602.98618,912.6580608,0.32346,0.033903
NGC4593,SX,4180,57602.98618,912.6580608,0.395767,0.037531
NGC4593,W2,4180,57602.98725,300.77946,1.0124619,0.019597996
NGC4593,V,4180,57602.98948,74.78112,1.2985533,0.03137285
NGC4593,M2,4180,57602.99119,212.32852,1.0119323,0.025580128
NGC4593,U,4181,57603.04951,79.77903998,0.923431,0.020315127
NGC4593,B,4181,57603.05049,79.77903998,1.010152,0.021081054
NGC4593,HX,4181,57603.05179,972.832032,0.388137,0.028656
NGC4593,SX,4181,57603.05179,972.832032,0.403683,0.029249
NGC4593,V,4181,57603.05523,79.76800001,1.2087974,0.029199444
NGC4593,U,4182,57603.182,74.7701,0.9122825,0.020647924
NGC4593,B,4182,57603.18293,74.78112,1.042811,0.022096259
NGC4593,HX,4182,57603.18408,912.6580608,0.372356,0.03553
NGC4593,SX,4182,57603.18408,912.6580608,0.526111,0.042107
NGC4593,W2,4182,57603.18517,299.76444,0.93264706,0.018648071
NGC4593,V,4182,57603.18739,74.78112,1.25341056,0.03071779
NGC4593,M2,4182,57603.1891,212.73676,0.9385292,0.024445998
NGC4593,U,4183,57603.31827,69.77218002,0.8857793,0.020624191
NGC4593,B,4183,57603.31913,69.78324002,1.0131796,0.022085114
NGC4593,HX,4183,57603.32035,887.5839168,0.407322,0.045443
NGC4593,SX,4183,57603.32035,887.5839168,0.378981,0.043872
NGC4593,V,4183,57603.3233,69.77219999,1.2131812,0.030883554
NGC4593,W1,4184,57603.45031,156.76674,1.0693692,0.0228207
NGC4593,U,4184,57603.45173,78.76401997,0.9583469,0.020775746
NGC4593,B,4184,57603.45269,78.77506,1.0473719,0.021516602
NGC4593,HX,4184,57603.45396,957.788064,0.352949,0.02736
NGC4593,SX,4184,57603.45396,957.788064,0.370174,0.027945
NGC4593,W2,4184,57603.45505,314.7802,0.9621381,0.018629628
NGC4593,V,4184,57603.45739,78.77504003,1.2153675,0.029451362
NGC4593,M2,4184,57603.45918,223.52696,0.9644536,0.024342475
NGC4593,W1,4185,57603.58868,152.7618001,1.0857293,0.023312372
NGC4593,U,4185,57603.59007,76.77810001,0.9699211,0.02105717
NGC4593,B,4185,57603.59101,76.76705998,0.9882421,0.020801765
NGC4593,HX,4185,57603.59225,940.2379776,0.318291,0.025721
NGC4593,SX,4185,57603.59225,940.2379776,0.3327,0.026222
NGC4593,W2,4185,57603.5933,306.77032,0.9473875,0.018602837
NGC4593,V,4185,57603.59557,76.76704001,1.2697673,0.030569168
NGC4593,M2,4185,57603.59737,225.25912,0.9558863,0.024134788
NGC4593,W1,4186,57603.7266,160.76066,1.1096027,0.02311889
NGC4593,U,4186,57603.72805,80.77200001,0.9371966,0.020206209
NGC4593,B,4186,57603.72904,80.77201998,1.050379,0.021313396
NGC4593,HX,4186,57603.73018,964.6100352,0.327192,0.025782
NGC4593,SX,4186,57603.73018,964.6100352,0.404702,0.02887
NGC4593,W2,4186,57603.73144,322.76806,0.9871519,0.018764384
NGC4593,V,4186,57603.73383,80.77202004,1.2533151,0.029750063
NGC4593,M2,4186,57603.73561,217.2713,1.0209557,0.025490678
NGC4593,W1,4187,57603.84525,149.7719,1.0208487,0.02266524
NGC4593,U,4187,57603.84659,74.78112,0.9373457,0.021080491
NGC4593,B,4187,57603.84752,74.78114003,1.0432709,0.022183005
NGC4593,HX,4187,57603.84867,912.6580608,0.433993,0.034103
NGC4593,SX,4187,57603.84867,912.6580608,0.470217,0.035566
NGC4593,W2,4187,57603.84975,299.73134,0.96996665,0.019110928
NGC4593,V,4187,57603.85199,74.78113997,1.1914315,0.029767607
NGC4593,W1,4188,57603.97875,129.76918,1.0286084,0.02416691
NGC4593,U,4188,57603.97992,64.76323998,0.92607705,0.022059448
NGC4593,B,4188,57603.98072,64.77425998,1.0401016,0.023412372
NGC4593,HX,4188,57603.9818,827.4099456,0.502483,0.037071
NGC4593,SX,4188,57603.9818,827.4099456,0.735592,0.044817
NGC4593,W2,4188,57603.98268,260.76302,0.977384,0.020283476
NGC4593,V,4188,57603.98462,64.77423996,1.26577885,0.032752866
NGC4593,M2,4188,57603.9863,217.5802,1.02254275,0.025474738
NGC4593,W1,4189,57604.04503,150.74276,1.0442409,0.022924063
NGC4593,U,4189,57604.04639,74.77008003,0.92473645,0.020856098
NGC4593,B,4189,57604.04732,74.88041997,1.0141461,0.021707681
NGC4593,HX,4189,57604.04856,930.2079744,0.451355,0.038805
NGC4593,SX,4189,57604.04856,930.2079744,0.620144,0.045529
NGC4593,W2,4189,57604.04957,301.77238,0.9456829,0.018765307
NGC4593,V,4189,57604.05182,74.78112,1.2425562,0.030559392
NGC4593,M2,4189,57604.05361,226.47272,0.9848029,0.024505674
NGC4593,HX,4190,57604.8598,907.6420224,0.489526,0.032252
NGC4593,SX,4190,57604.8598,907.6420224,0.525976,0.033431
NGC4593,V,4190,57604.86315,74.75904,1.2181544,0.0302149
NGC4593,W1,4191,57604.92377,149.77188,1.0129815,0.02247974
NGC4593,U,4191,57604.92512,74.7701,0.891499,0.020138713
NGC4593,B,4191,57604.92604,74.7701,0.9726115,0.020883313
NGC4593,HX,4191,57604.92717,907.6420224,0.420479,0.029678
NGC4593,SX,4191,57604.92717,907.6420224,0.518781,0.033018
NGC4593,W2,4191,57604.92827,300.77944,0.9380585,0.018681403
NGC4593,V,4191,57604.9305,74.78112,1.2722255,0.03106908
NGC4593,M2,4191,57604.93219,207.09892,0.940591,0.024769213
NGC4593,W1,4192,57605.04218,151.77986,1.0672292,0.023168302
NGC4593,U,4192,57605.04355,75.77407998,0.9076297,0.020438482
NGC4593,B,4192,57605.04448,75.77407998,1.0154029,0.021586166
NGC4593,HX,4192,57605.04575,937.732032,0.461253,0.030725
NGC4593,SX,4192,57605.04575,937.732032,0.498721,0.032119
NGC4593,W2,4192,57605.04674,303.7804,0.9694737,0.018991917
NGC4593,V,4192,57605.04899,75.76304001,1.2826258,0.03102377
NGC4593,M2,4192,57605.05081,230.246,0.99574195,0.024500838
NGC4593,W1,4193,57605.30845,149.76082,1.0114414,0.022521505
NGC4593,U,4193,57605.3098,74.7701,0.8895686,0.020266903
NGC4593,B,4193,57605.31073,74.7701,1.0359447,0.022024833
NGC4593,HX,4193,57605.31187,910.1500416,0.407613,0.029298
NGC4593,SX,4193,57605.31187,910.1500416,0.524433,0.033167
NGC4593,W2,4193,57605.31296,299.77546,0.9474307,0.018834601
NGC4593,V,4193,57605.31518,74.78114003,1.24753045,0.030672876
NGC4593,M2,4193,57605.31689,211.97548,0.9535394,0.024712589
NGC4593,W1,4194,57605.38477,171.76048,1.06817055,0.02205337
NGC4593,U,4194,57605.38631,85.86919999,0.9239602,0.019581668
NGC4593,B,4194,57605.38736,85.78094,1.0359012,0.020629257
NGC4593,HX,4194,57605.38886,1048.052045,0.520038,0.031326
NGC4593,SX,4194,57605.38886,1048.052045,0.602228,0.033793
NGC4593,W2,4194,57605.38991,342.73764,0.9789101,0.01824429
NGC4593,V,4194,57605.39244,85.78094,1.25852104,0.02922859
NGC4593,M2,4194,57605.39444,251.0872,0.9886275,0.023502872
